KEY,ประเภทของ การคำนวน,กลุ่มของ KPI,Factor KPI,ชื่อ KPI,น้ำหนัก,Target,คะแนน 1,คะแนน 2,คะแนน 3,คะแนน 4,คะแนน 5
,1,1,1,Total Revenue (YTD),20," 	1,309.00 ","1,208.10",1237.10-1208.10,1267.10-1238.10,1297.10-1268.10,"1,298.10"
,3,1,1,EBITDA,10,22.20,17.7,17.8 - 18.8,18.9 - 19.9,20 - 21,21.10
,3,1,1,Net Profit,5,11.5,10.6,10.6 - 10.7,10.8 - 10.9,11 - 11.1,11.2
,3,1,1,OPD Customer Growth,15,6,1.2,1.3 - 2.5,2.6 - 3.8,3.9 - 5.1,5.2
,2,1,1,Customer Satisfaction Index,15,90,76,77 - 80,81 - 85,86 - 89,90
,2,1,1,Medication error - Transcibling ( per 1000 Prescription),4,5,1.24,1.25 - 1.1,1 - 0.76,0.75 - 0.6,0.5
,1,1,1,Training Hour,10,90,76,77 - 80,81 - 85,86 - 89,90
,2,1,1,OPD Waiting Time < 15 min. ,4,80,49,50 - 59,60 - 69,70 - 79,80
,2,1,1,ER Waiting Time < 1 min.  ,5,80,49,50 - 59,60 - 69,70 - 79,80
,2,1,1,Waiting Time for Medications OPD <10 min  ,4,80,49,50 - 59,60 - 69,70 - 79,80
,2,1,1,Discharge Waiting Time - Self-pay < 60 min. ,4,80,49,50 - 59,60 - 69,70 - 79,80
,2,1,1,Discharge Waiting Time  -  Insurance < 120 min.,4,80,49,50 - 59,60 - 69,70 - 79,80
,3,1,1,%COPQ to Revenue,5,0.01,0.15,0.16 - 0.12,0.11 - 0.07,0.06 - 0.02,0.01
,1,1,2,Target Revenue ,20,157.6,126.2,134.1-126.2,142-134.2,150-142.1,150.1
,3,1,2,%ROS,10,50,29,30 - 34,35 - 39,40 - 44,45
,1,1,2,Target Counter Visit,10,59717,"56,000",56999-56500,57499-57000,57999-57500,"58,000"
,3,1,2,Admission Rate,10,3,0.6,0.7 - 1.3,1.4 - 2,2.1 - 2.7,2.8
,2,1,2,"Service Behavior Satisfaction
",5,90,76,77 - 80,81 - 85,86 - 89,90
,2,1,2,"Customer Satisfaction Index
",5,90,76,77 - 80,81 - 85,86 - 89,90
,2,1,2,Internal Satisfaction,5,90,76,77 - 80,81 - 85,86 - 89,90
,2,1,2,"OPD Waiting Time <15 min 
",10,80,49,50 - 59,60 - 69,70 - 79,80
,3,1,2,Medication Error – Transcribing Error  ,5,0.5,1.26,1.25 - 1.01,1.0 - 0.76,0.75 - 0.6,0.5
,2,1,2,อัตราการปฏิบัติได้ตามนโยบาย IPSG 1,5,100,69,70 - 79,80 - 89,90 - 99,100
,2,1,2,อัตราการปฏิบัติได้ตามนโยบาย IPSG 6,5,100,69,70 - 79,80 - 89,90 - 99,100
,3,1,2,Trainning Hour 80ชม./คน/ปี,5,100,69,70 - 79,80 - 89,90 - 99,100
,3,1,2,Annual Employee Checkup Rate,5,100,69,70 - 79,80 - 89,90 - 99,100
,2,1,2,%OPD Waiting Time Improvement- Regis - Consult Start,10,10,2.4,2.5 - 4,5 - 6.5,7.5 - 9,10
,3,1,2,%COPQ to revenue,10,0.1, 1.6,1.5 - 1.1,1 - 0.6,0.5 - 0.1,0
,3,1,2,Medication Error – Admin Error ,5,0.5,1.26,1.25 - 1.01,1.0 - 0.76,0.75 - 0.6,0.5
,2,1,2,Service Bahavior Satisfaction,5,90,76,77 - 80,81 - 85,86 - 89,90
,2,1,2,อุบัติการณ์ทำหัตถการผิดข้างผิดตำแหน่ง,10,0.1, 1.6,1.5 - 1.1,1 - 0.6,0.5 - 0.1,0
,2,1,2,OPD Waiting Time < 30 min (walk-in),10,80,49,50 - 59,60 - 69,70 - 79,80
,2,1,2,IPSG1,5,100,69,70 - 79,80 - 89,90 - 99,100
,2,1,2,อัตราการปฏิบัติการตามแนวทางครรภ์คุณภาพ,10,100,69,70 - 79,80 - 89,90 - 99,100
,2,1,2,จำนวนครั้งที่ส่งน้ำ RO ตรวจ Endotoxin และเกิดการติดเชื้อ,10,0,7,6 - 5,4 - 3,2 - 1,0
,2,1,2,อัตราการติดเชื้อของ Vascular Access ทั้งชนิดชั่วคราวและชนิดถาวร,10,5,12,11 - 10,9 - 8,7 - 6,5
,1,1,2,จำนวนครั้งของการเกิดพลัดตกหกล้ม IPSG6 (โดยเจ้าหน้าที่ไม่ได้ปฏิบัติตามแนวทางที่กำหนด ),5,0,7,6 - 5,4 - 3,2 - 1,0
,2,1,2,อัตราการช่วยฟื้นคืนชีพ (CPR),10,5,12,11 - 10,9 - 8,7 - 6,5
,2,1,2,Waiting time Case Level Resuscitate ได้พบแพทย์ภายใน1นาที,15,100,69,70 - 79,80 - 89,90 - 99,100
,2,1,2,IPSG1 การIdentifyผู้ป่วยผิดคน,10,0,> 6,5-6,3-4,1-2,0
,2,1,2,Service Behavior Satisfaction,5,90,76,77 - 80,81 - 85,86 - 89,90
,2,1,2,%OPD Waiting Time Improvement < 15 mins,10,80,49,50 - 59,60 - 69,70 - 79,80
,2,1,2,%Do Primary PCI on case STEMI in 90 mins,15,100,69,70 - 79,80 - 89,90 - 99,100
,2,1,2,อัตราการปฏิบัติได้ตามนโยบาย IPSG 4,2,100,69,70 - 79,80 - 89,90 - 99,100
,2,1,2,จำนวนครั้งของการเกิด IR ส่ง Specimen ผิดพลาด,3,100,69,70 - 79,80 - 89,90 - 99,100
,1,1,2,Target Patient days,10,3585,"3,443",3478-3443,3515-3479,3552-3516,"3,553"
,3,1,2,Medication Error – Transcribing Error ,5,0.5,1.26,1.25 - 1.01,1.0 - 0.76,0.75 - 0.6,0.5
,1,1,2,จำนวนครั้งที่เกิดการย้ายออกจาก ICU  ไม่เหมาะสม  (ภายใน 8 ชม),5,0,7,6 - 5,4 - 3,2 - 1,0
,2,1,2,Un expected death,10,0,7,6 - 5,4 - 3,2 - 1,0
,2,1,2,Discharge Waiting Time - Self-pay  < 60 min. ,5,80,49,50 - 59,60 - 69,70 - 79,80
,2,1,2,Discharge Waiting Time - Insurance  < 120 min. ,5,80,49,50 - 59,60 - 69,70 - 79,80
,1,1,2,จำนวนครั้งของการติด Label Lab ผิดคน,5,0,7,6 - 5,4 - 3,2 - 1,0
,2,1,2,อัตราการได้รับนมแม่ขณะอยู่ในโรงพยาบาล,5,90,76,77 - 80,81 - 85,86 - 89,90
,1,1,2,จำนวนครั้งการเกิดเหตุการณ์ Unplan ICU  ,5,0,7,6 - 5,4 - 3,2 - 1,0
,2,1,2,IPSG3,1,100,69,70 - 79,80 - 89,90 - 99,100
,2,1,2,IPSG4,2,100,69,70 - 79,80 - 89,90 - 99,100
,1,1,2,Unplanned ICU Case,5,0,7,6 - 5,4 - 3,2 - 1,0
,2,1,2,Discharge Waiting Time  -  Insurance< 120 min.,5,80,49,50 - 59,60 - 69,70 - 79,80
,2,1,2,Customer Satisfaction Index,5,90,76,77 - 80,81 - 85,86 - 89,90
,1,1,2,จำนวนครั้งของการเกิดPhlebitis ระดับ3,3,0,7,6 - 5,4 - 3,2 - 1,0
,1,1,2,จำนวนครั้งของการเกิดพลัดตกหกล้ม(โดยเจ้าหน้าที่ไม่ได้ปฏิบัติตามแนวทางที่กำหนด ),3,0,7,6 - 5,4 - 3,2 - 1,0
,1,1,2,จำนวนครั้งการเกิดBedsore ระดับ2ขึ้นไปจากหน่วยงาน,4,0,7,6 - 5,4 - 3,2 - 1,0
,2,1,2,Discharge waiting Time - Self pay <60 min,5,80,49,50 - 59,60 - 69,70 - 79,80
,2,1,2,Discharge waiting Time - Insurance <120 min,5,80,49,50 - 59,60 - 69,70 - 79,80
,2,1,2,IPSG6,15,100,69,70 - 79,80 - 89,90 - 99,100
,1,1,2,Target Operation Customer,10,3063,"2,745",2825-2745,2906-2826,2986-2907,"2,987"
,1,1,2,จำนวนผู้ป่วยที่เกิดแผลติดเชื้อหลังผ่าตัดภายในโรงพยาบาล(SSI),10,0,7,6 - 5,4 - 3,2 - 1,0
,1,1,2,จำนวนครั้งที่เตรียมเครื่องมือไม่พร้อมใช้ในการผ่าตัด/ชำรุด,10,0,7,6 - 5,4 - 3,2 - 1,0
,2,1,2,อัตราการการปฏิบัติตามนโยบาย IPSG3 ได้ถูกต้อง,5,100,69,70 - 79,80 - 89,90 - 99,100
,1,1,2,จำนวนครั้งที่เกิดอุบัติการของติดไปกับผ้าส่งซัก,5,0,7,6 - 5,4 - 3,2 - 1,0
,2,1,2,จำนวนวันของยาและเวชภัณฑ์คงคลังในห้องผ่าตัด(Inventory day),5,20,26,25-26,23-24,21-22,20
,2,1,2,%OT/salary,20,0,1.50,1.5 - 1.1,1 - 0.6,0.5 - 0.1,0
,2,1,2,อัตราการให้บริการได้ตาม SLA,20,100,69,70 - 79,80 - 89,90 - 99,100
,1,1,2,จำนวนครั้งของการจ่ายอุปกรณ์หรือเครื่องมือที่ไม่สามารถใช้งานได้,20,0,7,6 - 5,4 - 3,2 - 1,0
,1,1,2,จำนวนครั้งของการจัดอุปกรณ์เครื่องมือไม่ครบถ้วน,10,0,7,6 - 5,4 - 3,2 - 1,0
,1,1,2,จำนวนครั้งที่พบเครื่องมือ อุปกรณ์ทางการแพทย์ไม่สะอาด,10,0,7,6 - 5,4 - 3,2 - 1,0
,3,1,2,% Revenue Medicine / Total Revenue,10,30,11,12 - 16,17 - 21,22 - 27,28
,3,1,2,% Revenue Medical Supply / Total Revenue,10,10,1,2 - 3,4 - 5,6 - 7,8
,2,1,2,ความคลาดเคลื่อนจากการจ่ายยาผู้ป่วยนอก,10,0.5,1.26,1.25 - 1.01,1.0 - 0.76,0.75 - 0.6,0.5
,2,1,2,ความคลาดเคลื่อนจากการจ่ายยาผู้ป่วยใน,10,0.5,1.26,1.25 - 1.01,1.0 - 0.76,0.75 - 0.6,0.5
,2,1,2,Waiting Time for Medication < 12 min,10,90,76,77 - 80,81 - 85,86 - 89,90
,1,1,2,แพ้ยาซ้ำ,10,0,7,6 - 5,4 - 3,2 - 1,0
,2,1,2,Customer complain(ระยะเวลารอคอยรับยา),5,5,12,11 - 10,9 - 8,7 - 6,5
,3,1,2,Counter Visit Growth,10,12,2.4,2.5 - 4.9,5 - 7.4,7.5 - 9.9,10
,1,1,2,จำนวนครั้งของการตรวจทางรังสีผิดพลาดผิดคำสั่งแพทย์,10,0,7,6 - 5,4 - 3,2 - 1,0
,1,1,2,จำนวนผู้รับบริการหญิงตั้งครรภ์ไม่ได้รับการซักประวัติก่อนได้รับการตรวจทางรังสี,5,0,7,6 - 5,4 - 3,2 - 1,0
,2,1,2,อัตราระยะเวลาการบริการเอกซเรย์ธรรมดาน้อยกว่า 15 นาที,10,85,54,55 - 64,65 - 74,75 - 84,85
,1,1,2,จำนวนครั้งของการIdentifyผู้ป่วยผิดคน,10,0,7,6 - 5,4 - 3,2 - 1,0
,3,1,2,LAB MARGIN,5,75,39,40 - 49,50 - 59,60 - 69,70
,2,1,2,อัตราการรายงานผลวิกฤตภายใน 5 นาที ,10,100,69,70 - 79,80 - 89,90 - 99,100
,1,1,2,จำนวนครั้งที่มีความผิดพลาดของการรายงานผลการตรวจทางห้องปฏิบัติการ ,5,0,7,6 - 5,4 - 3,2 - 1,0
,2,1,2,อัตราการควบคุมคุณภาพภายในอยู่ในเกณฑ์เป้าหมาย ,10,100,69,70 - 79,80 - 89,90 - 99,100
,2,1,2,อัตราระยะเวลารอคอยผล LAB OPD (Routine) ภายใน 1 ชั่วโมง,10,80,49,50 - 59,60 - 69,70 - 79,80
,1,1,2,จำนวนครั้งของการIdentifyผู้ป่วยเจาะเลือดผิดคน,10,0,7,6 - 5,4 - 3,2 - 1,0
,1,1,2,Target Job,10,15675,"15,049",15206-15049,15364-15207,15521-15365,"15,522"
,1,1,2,จำนวนการเคลื่อน เลื่อนหลุดของอุปกรณ์ทางการแพทย์ จากการได้รับการฟื้นฟูสมรรถภาพ,10,0,7,6 - 5,4 - 3,2 - 1,0
,1,1,2,จำนวนการเกิดอุบัติการณ์ การพลัดตก หกล้มขณะรับการฟื้นฟูสมรรถภาพและภาวะแทรกซ้อน จากการฟื้นฟูสมรรถภาพ,10,0,7,6 - 5,4 - 3,2 - 1,0
,2,1,2, อัตราผู้ป่วย stroke ที่มาตามนัดตามเกณฑ์ที่กำหนดมีความสามารถในการเคลื่อนไหวดีขึ้น 1ลำดับ ประเมินโดยใช้  barthel index  และ SNMRC Functional Assessment,10,80,49,50 - 59,60 - 69,70 - 79,80
,2,1,2,อัตราของผู้ป่วยเด็กได้รับการนัดหมาย และลงเวลา นัดหมายในตารางนัดหมาย,5,80,49,50 - 59,60 - 69,70 - 79,80
,2,1,2,อัตราผู้ป่วยมีภาวะเสี่ยงด้านโภชนาการได้รับการประเมินภาวะโภชนาการเชิงลึกจากนักกำหนดอาหาร/นักโภชนาการ,15,100,69,70 - 79,80 - 89,90 - 99,100
,2,1,2,อัตราผู้ป่วยที่ได้รับการ Re-assessment ภาวะโภชนาการเชิงลึก,10,90,76,77 - 80,81 - 85,86 - 89,90
,2,1,2,อัตราผู้ป่วยที่ On tube feeding ได้รับการประเมินภาวะโภชนาการเชิงลึก,10,95,64,65 - 74,75 - 84,85 - 94,95
,1,1,2,จำนวนครั้งที่ผู้ป่วยได้รับอาหารเฉพาะโรคไม่ถูกต้อง,5,0,7,6 - 5,4 - 3,2 - 1,0
,1,1,2,แผนกห้องอาหารผ่านการรับรองมาตรฐาน GMP,10,1,0,0,0,0,1
,1,1,2,จำนวนผลงาน CQI/นวัตกรรม ด้านการพัฒนาคุณภาพการให้โภชนบำบัด และการบริการอาหารผู้ป่วย,5,3,1,0,2,0,3
,1,1,2,จำนวนครั้งในการลงทะเบียนผู้ป่วยผิดคน,15,0,7,6 - 5,4 - 3,2 - 1,0
,2,1,2,จำนวนครั้งการจัดเตรียมเอกสารเบิกค่ารักษาพยาบาลผิดพลาด / ไม่ครบถ้วน,10,0.5,1.26,1.25 - 1.01,1.0 - 0.76,0.75 - 0.6,0.5
,2,1,2,จำนวนครั้งในการระบุคู่สัญญาผิดพลาด,10,0.5,1.26,1.25 - 1.01,1.0 - 0.76,0.75 - 0.6,0.5
,2,1,2,จำนวนข้อร้องเรียนจากผู้รับบริการเรื่องพฤติกรรมบริการของบุคลากรในหน่วยงาน,10,0.5,1.26,1.25 - 1.01,1.0 - 0.76,0.75 - 0.6,0.5
,2,1,2,%OT/Salary ,20,10,20,19 - 17,16 - 14,13 - 11,10
,2,1,2,% การให้รหัสโรค รหัสหัตถการผู้ป่วยใน ถูกต้อง ,10,95,64,65 - 74,75 - 84,85 - 94,95
,2,1,2,% การให้รหัสโรค รหัสหัตถการผู้ป่วยนอก ถูกต้อง ,10,95,64,65 - 74,75 - 84,85 - 94,95
,2,1,2,อัตราการจัดเตรียมเอกสารทางการแพทย์ได้ตรงตามระยะเวลาที่กำหนดภายใน 3 วัน                       (งานถ่ายประวัติ),5,100,69,70 - 79,80 - 89,90 - 99,100
,2,1,2,%ที่สามารถติดตามให้แพทย์สรุป Discharge Summary ได้ไม่เกิน 14 วันหลังผู้ป่วยจำหน่าย,5,100,69,70 - 79,80 - 89,90 - 99,100
,1,1,2,จำนวนเวชระเบียนสูญหาย,15,0,7,6 - 5,4 - 3,2 - 1,0
,1,1,2,จำนวนครั้งของการจัดเก็บเอกสาร / ผลตรวจ ในเวชระเบียนผิดคน,10,0,7,6 - 5,4 - 3,2 - 1,0
,2,1,2,เปอร์เซ็นต์ concurrent review ร่วมกับบริษัทประกัน,30,95,64,65 - 74,75 - 84,85 - 94,95
,2,1,2,เปอร์เซ็นต์การตรวจเยี่ยมแฟ้มผู้ป่วยสิทธิเบิกทุกสิทธิ,20,90,76,77 - 80,81 - 85,86 - 89,90
,2,1,2,เปอร์เซ็นต์การทำเบิกเคส UCEP ให้ได้ในช่วงเวลาที่กำหนด ,0,80,49,50 - 59,60 - 69,70 - 79,80
,2,1,2,เปอร์เซ็นต์การคีย์ข้อมูลเข้าระบบเว็บมาตรา 7 (ตามที่ได้รับเอกสารจากแผนก ADC ER การเงิน),0,100,69,70 - 79,80 - 89,90 - 99,100
,1,1,2,จำนวนครั้งในการปฎิเสธ จากกรมบัญชีกลางเนื่องจากข้อบ่งชี้เคสเบิกจ่ายตรงกรมบัญชีกลาง Elective surgery ไม่ถูกต้อง,25,0,7,6 - 5,4 - 3,2 - 1,0
,1,1,2,"ควบคุมการใช้วัสดุสิ้นเปลือง Save cost
",20,10,3,4 - 5,6 - 7,8 - 9,10
,2,1,2,การให้ข้อมูลเรื่องสิทธิการรักษาพยาบาล ครบถ้วน ถูกต้อง,5,90,76,77 - 80,81 - 85,86 - 89,90
,1,1,2,การลงทะเบียนรับ Admit ผู้ป่วยไม่ถูกต้อง,10,0,7,6 - 5,4 - 3,2 - 1,0
,1,1,2,การเตรียมเอกสารถูกต้อง ครบถ้วน,15,0,7,6 - 5,4 - 3,2 - 1,0
,1,1,2,"การแจ้งค่าใช้จ่ายผ่าตัด/หัตถการผิด
",10,0,7,6 - 5,4 - 3,2 - 1,0
,1,1,2,"การตรวจสอบสิทธิการเบิกค่ารักษาพยาบาลผิด
",15,0,7,6 - 5,4 - 3,2 - 1,0
,2,1,2,% ผู้รับบริการที่โทรเข้ามาปรึกษาปัญหาสุขภาพ แล้วมาใช้บริการ,10,50,32,33 - 38,39 - 43,44 - 49,50
,2,1,2,Staff Expense to Total revenue,20,10,20,19 - 17,16 - 14,13 - 11,10
,2,1,2,จำนวนข้อร้องเรียนเรื่องการให้ข้อมูลผิดพลาด,8,5,12,11 - 10,9 - 8,7 - 6,5
,2,1,2,จำนวนครั้งการนัดหมายผิดพลาดของ Call Center ,8,0,1.50,1.5 - 1.1,1 - 0.6,0.5 - 0.1,0
,2,1,2,Service requests ได้รับการปิดจบ,8,95,64,65 - 74,75 - 84,85 - 94,95
,2,1,2,อัตราการโทร ติดตามผลการรักษาคนไข้รายใหม่,8,90,76,77 - 80,81 - 85,86 - 89,90
,1,1,2,"จำนวนครั้งโอนสาย ภายนอก-ในผิดพลาด
",8,2,9,8 - 7,6 - 5,4 - 3,2
,2,1,2,การประกาศ Code ฉุกเฉินถูกต้อง รวดเร็ว  ครบถ้วน,5,100,69,70 - 79,80 - 89,90 - 99,100
,1,1,2,จำนวนครั้งในการเกิดอุบัติการณ์ในการเคลื่อนย้าย,15,0,7,6 - 5,4 - 3,2 - 1,0
,1,1,2,จำนวนข้อร้องเรียน IR เรื่องการให้บริการเคลื่อนย้ายล่าช้ากรณีประกาศ code ฉุกเฉิน,15,0,7,6 - 5,4 - 3,2 - 1,0
,1,1,2,จำนวนข้อร้องเรียน IR การส่งยาผิด ward,10,0,7,6 - 5,4 - 3,2 - 1,0
,2,1,2,อัตราปฎิบัติได้ถุกต้องตามนโยบาย IPSG 5 (การล้างมือ),15,80,49,50 - 59,60 - 69,70 - 79,80
,3,1,2,Revenue Growth - รายได้จาก รพ./คลินิก,8,10.8,2.4,2.5 - 4,5 - 6.5,7.5 - 9,10
,3,1,2,Revenue Growth - รายได้จากตัวแทนคู่สัญญาเพิ่มขึ้น,8,10.8,2.4,2.5 - 4,5 - 6.5,7.5 - 9,10
,3,1,2,Revenue Growth - รายได้จากกลุ่มลูกค้าต่างประเทศเพิ่มขึ้น,8,10.8,2.4,2.5 - 4,5 - 6.5,7.5 - 9,10
,3,1,2,Revenue Growth - รายได้จากผู้รับบริการตรวจสุขภาพบริษัทเพิ่มขึ้น,8,10.8,2.4,2.5 - 4,5 - 6.5,7.5 - 9,10
,1,1,2,งบประมาณทางการตลาดเป็นไปตามเป้าหมาย,15,100,69,70 - 79,80 - 89,90 - 99,100
,3,1,2,จำนวนผู้รับบริการ New HN,10,6,1.2,1.3 - 2.5,2.6 - 3.8,3.9 - 5.1,5.2
,2,1,2,อัตราโครงการการตลาดผ่านตามเป้าหมาย,12,80,49,50 - 59,60 - 69,70 - 79,80
,2,1,2,อัตราสื่อประชาสัมพันธ์ที่ผลิตทันต่อเวลา,11,80,49,50 - 59,60 - 69,70 - 79,80
,2,1,2,เปอร์เซ็นต์การบันทึกและจัดทำรายงานการประชุมให้แล้วเสร็จภายใน 2 วัน,10,80,49,50 - 59,60 - 69,70 - 79,80
,2,1,2,เปอร์เซ็นต์การจัดส่งวาระประชุมและ สรุปประชุม ก่อนการประชุม ให้กับผู้ที่เกี่ยวข้องก่อนการประชุมอย่างน้อย 5 วัน,10,80,49,50 - 59,60 - 69,70 - 79,80
,2,1,2,เตือนนัด การจัดทำสัญญาก่อนหมดอายุ /การ Verify ข้อมูลของแพทย์,15,100,69,70 - 79,80 - 89,90 - 99,100
,1,1,2,IR ระดับ 3 ขึ้นไป  ที่เกิดจากการจัดการประชุม และ รับรองแขกผู้บริหาร (ขอบเขตในส่วนที่ SCO รับผิดชอบ),10,0,1.50,1.5 - 1.1,1 - 0.6,0.5 - 0.1,0
,3,1,2,Revenue Growth - Revenue from refer in (Total),20,10,2.4,2.5 - 4,5 - 6.5,7.5 - 9,10
,3,1,2,Revenue Growth- Revenue from retained case from refer out  ,15,15,5,6 - 8,9 - 11,12 - 14,15
,2,1,2,Number of case Refer in,10,8,1,2 - 3,4 - 5,6  - 7,8
,3,1,2,Number of Retained case from refer out   (%Growth),15,12,5,6 - 7,8 - 9,10 - 11,12
,2,1,2,อัตราความพึงพอใจของผู้นำส่ง(Referral agent)ต่องานให้บริการรับ-ส่งต่อผู้ป่วย,5,95,64,65 - 74,75 - 84,85 - 94,95
,2,1,2,ระยะเวลารอคอยรถพยาบาลออกรับผู้ป่วยกรณีไม่ฉุกเฉิน(ต่างอำเภอ-ต่างจังหวัด)ได้ภายใน 30นาที,5,100,69,70 - 79,80 - 89,90 - 99,100
,2,1,2,อัตราการรายงานแพทย์ในกรณีประสานงานรับrefer in,5,100,69,70 - 79,80 - 89,90 - 99,100
,3,1,2,Net Revenue Growth - หน้าร้าน,10,4,0.5,0.6 - 1.1,1.2 - 1.7,1.8 - 2.3,2.4
,3,1,2,Net Revenue Growth - ผู้ป่วยใน,10,6,0.9,1 - 1.9,2 - 2.9,3 - 3.9,4
,1,1,2,"Number of Incidents Report
 -พบสิ่งแปลกปลอมในอาหาร",15,0,7,6 - 5,4 - 3,2 - 1,0
,1,1,2,จำนวนข้อร้องเรียนเรื่องการส่งอาหารผู้ป่วยล่าช้า,20,2,9,8 - 7,6 - 5,4 - 3,2
,2,1,2,% Success จากการสุ่มตรวจสุขาภิบาลอาหารและสุขอนามัยส่วนบุคคล,5,90,76,77 - 80,81 - 85,86 - 89,90
,2,1,2,อัตราการทบทวน Incident Report ของหน่วยงาน,5,100,69,70 - 79,80 - 89,90 - 99,100
,2,1,2,Save cost Energy to Total Revenue,20,1.45,2.39,2.38 - 2.08,2.07 - 1.77,1.76 - 1.46,1.45
,2,1,2,%Success : Coractive Maintenance of SLA,15,95,64,65 - 74,75 - 84,85 - 94,95
,2,1,2,%Success : Preventive Maintenance ,15,100,69,70 - 79,80 - 89,90 - 99,100
,3,1,2,%Success : การควบคุม ทดสอบคุณภาพน้ำ และแผนรองรับฉุกเฉิน ได้ตามรอบ,15,100,69,70 - 79,80 - 89,90 - 99,100
,1,1,2,Number of Utility Breakdown,10,3,9,8-9,6-7,4-5,3
,2,1,2,% Medical Equipment Management Cost,20,0.17,1.2,1.1 - 0.8,0.79 - 0.49,0.48 - 0.18,0.17
,2,1,2,% Success - Med Equipment Corrective maintenance of SLA,15,98,67,68 - 77,78 - 87,88 - 97,98
,2,1,2,% Success – Med Equipment Preventive maintenance,15,100,69,70 - 79,80 - 89,90 - 99,100
,2,1,2,% Success – Med Equipment Calibration,15,100,69,70 - 79,80 - 89,90 - 99,100
,2,1,2,% Success – Service Sub Contract Maintenance and Calibration,15,100,69,70 - 79,80 - 89,90 - 99,100
,1,1,2,ค่าใช้จ่ายวัสดุสิ้นเปลืองต่อ Adjust Patient day,20,2,0.2,0.3 - 0.5,0.6 - 0.8,0.9 - 1.1,1.2
,2,1,2,ความพึงพอใจ  ; แม่บ้าน,10,90,76,77 - 80,81 - 85,86 - 89,90
,2,1,2,ความพึงพอใจ  ; รปภ,10,90,76,77 - 80,81 - 85,86 - 89,90
,2,1,2,ความพึงพอใจ  ; ห้องผ้า,10,90,76,77 - 80,81 - 85,86 - 89,90
,2,1,2,% Success of Cleaning Time - Patent Room,10,90,76,77 - 80,81 - 85,86 - 89,90
,1,1,2,จำนวน IR ข้อผิดพลาดในการปฏิบัติงานของ รปภ.,10,50,66,65 - 61,60 - 56,55 - 51,50
,1,1,2,จำนวนครั้งข้อร้องเรียนเรื่องผ้าไม่สะอาดหรือผ้าชำรุด,10,0,7,6 - 5,4 - 3,2 - 1,0
,2,1,2,ค่าใช้จ่ายในการซ่อมแซมรถ / Total Revenue,20,0.01,0.04,0.04,0.03,0.02,0.01
,1,1,2,จำนวนข้อร้องเรียน เรื่องพฤติกรรมบริการ,10,0,7,6 - 5,4 - 3,2 - 1,0
,1,1,2,จำนวนครั้งของการเกิดเหตุรถเสียระหว่างรับ-ส่งผู้ป่วย,14,0,7,6 - 5,4 - 3,2 - 1,0
,2,1,2,อัตราเวลาการออกรถ EMS ในการรับเรื่องศูนย์สื่อสารฯ,12,100,69,70 - 79,80 - 89,90 - 99,100
,2,1,2,อัตราจำนวนครั้งและระยะเวลาที่ไม่สามารถออกรถได้ตามใบขอใช้,12,100,69,70 - 79,80 - 89,90 - 99,100
,2,1,2,อัตราการบำรุงรักษาตามแผนที่กำหนด,12,100,69,70 - 79,80 - 89,90 - 99,100
,2,1,2,%ในการเรียกร้องสินไหมทางInternet Claim,20,95,64,65 - 74,75 - 84,85 - 94,95
,1,1,2,จำนวนข้อร้องเรียนพฤติกรรมบริการของเจ้าหน้าที่การเงิน,15,2,9,8 - 7,6 - 5,4 - 3,2
,2,1,2,%ในการรอชำระเงินกรณีไม่มี Fax claim ไม่เกิน 20 นาที (ผู้ป่วยใน),10,95,64,65 - 74,75 - 84,85 - 94,95
,2,1,2,จำนวนรายที่เกิดความผิดพลาดในการคิดค่าใช้จ่ายและคำนวณสิทธิเบิก,15,0.2,1.8,1.7 - 1.3,1.2 - 0.8,0.7 - 0.3,0.2
,2,1,2,จำนวนครั้งที่มีการส่งรายได้ประจำวันไม่ถูกต้อง,10,5,> 10,9-10,7-8,6-7,5
,2,1,2,% Deposit ,10,60,29,30 - 39,40 - 49,50 - 59,60
,2,1,2,Behavior Score (Care you with our hearts),5,90,76,77 - 80,81 - 85,86 - 89,90
,2,1,2,อัตราการทบทวน Case (Trigger) ตามแนวทางที่กำหนด ,15,100,69,70 - 79,80 - 89,90 - 99,100
,2,1,2,อัตราการเกิดอุบัติเหตุของมีคมทิ่มตำหรือสารคัดหลั่งกระเด็นเข้าร่างกาย,15,0,0.04,0.03,0.02,0.01,0
,2,1,2,อัตราเอกสารที่อยู่ในการควบคุมตามระบบคุณภาพได้รับการทบทวนตามรอบที่กำหนด ตามรอบ 3 ปี/วันบังคับใช้เป็นปี 2560/ 2561/ 2562 (ยกเว้นประเภท SD-E FM),15,90,76,77 - 80,81 - 85,86 - 89,90
,2,1,2,จำนวนการบาดเจ็บจากการทำงานของเจ้าหน้าที่ ด้านความปลอดภัย (หยุดงานเกิน 3 วัน),15,0,0.04,0.03,0.02,0.01,0
,1,1,2,Target Counter Visit ,10," 	18,432.00 ","10,000",14999-10000,16999-15000,17499-17000,"17,500"
,2,1,2,Customer Complain,5,5,12,11 - 10,9 - 8,7 - 6,5
,1,1,2,จำนวนครั้งการคีย์โปรแกรมตรวจสุขภาพผิดพลาด,9,0,4,3,2,1,0
,2,1,2,อัตราการมอบผลตรวจสุขภาพรักษ์ชีวิตภายใน 1 วัน,7,90,76,77 - 80,81 - 85,86 - 89,90
,2,1,2,อัตราการมอบสมุดวัคซีนให้ผู้รับบริการ,7,100,69,70 - 79,80 - 89,90 - 99,100
,2,1,2,อัตราการจัดการอุบัติการณ์ของหน่วยงานได้ภายในระยะเวลาที่กำหนด ,7,100,69,70 - 79,80 - 89,90 - 99,100
,1,1,3,จำนวนครั้งในการเตรียมเอกสารผิดพลาดและไม่ครบถ้วน,2.5,0,7,6 - 5,4 - 3,2 - 1,0
,1,1,3,จำนวนครั้งในการลงทะเบียน รับ Admit ผู้ป่วยผิดคน,2.5,0,7,6 - 5,4 - 3,2 - 1,0
,1,1,3,จำนวนครั้งในการแจ้งค่าใช้จ่ายผ่าตัด/หัตถการผิด,2.5,0,7,6 - 5,4 - 3,2 - 1,0
,1,1,3,จำนวนครั้งในการตรวจสอบสิทธิผิด,2.5,0,7,6 - 5,4 - 3,2 - 1,0
,1,1,3,จำนวนครั้งในการลงทะเบียน รับ Admit ผู้ป่วยผิดคน  ,2.5,0,7,6 - 5,4 - 3,2 - 1,0
,2,1,3,% รายได้ต่อต้นทุน,2.5,30,23,24 - 25,26 - 27,28 - 29,30
,2,1,3,ต้นทุนวัตถุดิบทางตรงไม่เกินงบประมาณที่ตั้งไว้,2.5,46,36,37 - 39,40 - 42,43 - 45,46
,1,1,3,%ของพนักงาน ที่ได้รับชั่วโมงฝึกอบรม 80 ชั่วโมงต่อคนต่อปี ,2.5,80,49,50 - 59,60 - 69,70 - 79,80
,1,1,3,"% Sub contract เข้ามาปฏิบัติตามแผน  
(บริการเดือนเว้นเดือน)     ",2.5,6,13,12 - 11,10 - 9,8 - 7,6
,1,1,3,จำนวนครั้งที่พบการคีย์สั่งซื้อวัตถุดิบผิดพลาด ไม่ตรงเมนูกำหนด,2.5,6,13,12 - 11,10 - 9,8 - 7,6
,2,1,3,เปรียบเทียบต้นทุน ต่อ รายได้ ทุก 7 วัน,2.5,1,8,7 - 6,5 - 4,3 - 2,1
,1,1,3,"จำนวนครั้งที่พบสั่งซื้ออาหารแห้ง-เครื่องปรุงรส นอกเหนือรอบการหมุนที่คำนวนไว้ เช่น 
 - น้ำมันหอย
 - รสดี
 - กะทิ 
 - ซีอิ้วขาว",2.5,6,13,12 - 11,10 - 9,8 - 7,6
,1,1,3,จำนวนครั้งพบข้อร้องเรียนเรื่อง พื้นที่และภาชนะ ให้บริการไม่สะอาด,2.5,6,13,12 - 11,10 - 9,8 - 7,6
,1,1,3,จำนวนครั้งพบข้อร้องเรียน ด้านพฤติกรรมบริการ เช่น เก็บภาชนะเสียงดัง,2.5,6,13,12 - 11,10 - 9,8 - 7,6
,1,1,3,จำนวนครั้งที่พบรางระบายน้ำมีเศษอาหาร มีกลิ่นเหม็นเน่า,2.5,6,13,12 - 11,10 - 9,8 - 7,6
,1,1,3,จำนวนครั้งพบภาชนะชำรุด แตกหัก ในขั้นตอนการล้างทำความสะอาด,2.5,6,13,12 - 11,10 - 9,8 - 7,6
,1,1,3,จำนวนครั้งที่พบร้องเรียนด้านพฤติกรรมบริการ หรือ สุ่มพบไม่ปฎิบัติตามคำสั่ง   เช่น  พูดไม่เพราะ ไม่มีหางเสียง หน้างอไม่มองหน้าผู้รับบริการ,2.5,0,7,6 - 5,4 - 3,2 - 1,0
,1,1,3,จำนวนครั้งพบรับคำสั่งอาหารไม่ชัดเจน นำส่งไม่มีผู้รับ หรือ ลืมสั่งอาหาร  ไม่ระบุภาชนะ หรือ ระบุผิดพลาด เช่น ลูกค้าสั่งใส่จาน เขียนใส่กล่อง,2.5,6,13,12 - 11,10 - 9,8 - 7,6
,1,1,3,จำนวนครั้ง ทีพบไม่ใช้เคื่องติดตามลูกค้า ไม่เปิด TV สื่อสารการให้บริการ,2.5,6,13,12 - 11,10 - 9,8 - 7,6
,1,1,3,จำนวนครั้งพบข้อ การทอนเงิน ผิดพลาด เกิดการโต้เถียงกับผู้รับบริการ,2.5,0,7,6 - 5,4 - 3,2 - 1,0
,1,1,3,% ค่าใช้จ่ายด้านเครื่องปรุงรส ลดลง,2.5,10,3,4 - 5,6 - 7,8 - 9,10
,1,1,3,จำนวนข้อร้องเรียนด้าน รสชาติ รูปลักษณ์ สีสัน ของอาหารขายหน้าร้าน /อาหารคนไข้ / อาหารแพทย์ ,2.5,0,7,6 - 5,4 - 3,2 - 1,0
,1,1,3,จำนวนครั้งการคำนวณอาหารที่ไม่ถูกต้อง เหลือทิ้ง,2.5,6,13,12 - 11,10 - 9,8 - 7,6
,1,1,3,จำนวนครั้งที่ผู้ป่วยเกิดอาการ อาหารเป็นพิษ / ท้องเสีย,2.5,2,6,5,4,3,2
,1,1,3,จำนวนครั้งปรุงอาหารเฉพาะโรค ไม่ตรงตามใบกำกับอาหาร,2.5,6,13,12 - 11,10 - 9,8 - 7,6
,1,1,3,จำนวนครั้งพบข้อร้องเรียนจากผู้รับบริการ / เพื่อนร่วมงาน เรื่องการขาย เช่น ตักอาหารขายปริมาณไม่เท่ากันตักขาย ทำขาย ส่อไปในทางทุจริตให้ปริมาณเกินที่แผนกกำหนด หรือ ชี้ช่องในผู้รับบริการปิดบังราคาที่แท้จริง,2.5,0,7,6 - 5,4 - 3,2 - 1,0
,1,1,3,จำนวนครั้งพบข้อร้องเรียนพนักงานงานขาย ขาดความกระตือรือร้น  ไม่สนใจ ไม่สอบถาม ไม่นำเสนอการขาย        ให้ผู้รับบริการ,2.5,0,7,6 - 5,4 - 3,2 - 1,0
,1,1,3,จำนวนครั้งพบการจัดเตรียม งานเลี้ยงไม่ครบถ้วนตามใบรายการขอเบิกอาหารและเครื่องดื่ม ,2.5,0,7,6 - 5,4 - 3,2 - 1,0
,1,1,3,จำนวนครั้งที่พบการใช้วัตถุดิบผิดเมนู ต้องสั่งซื้อวัตถุดิบเพิ่มก่อให้เกิดต้นทุนสูง,2.5,0,7,6 - 5,4 - 3,2 - 1,0
,1,1,3,"จำนวนครั้งตรวจพบวัตถุดิบด้อยคุณภาพ มีจำนวนไม่ครบ
ถ้วนหลังการตรวจรับ",2.5,0,7,6 - 5,4 - 3,2 - 1,0
,1,1,3,จำนวนครั้งที่พบหั่นชิ้นวัตถุดิบไม่สวยงาม  ปริมาณ ไม่สอดคล้องกับยอดอาหารผู้ป่วย   ไม่ครบถ้วน ตามเมนูกำหนด ,2.5,0,7,6 - 5,4 - 3,2 - 1,0
,1,1,3,จำนวนครั้งที่พบการจัดเก็บเนื้อสัตว์  ล่าช้าหลัง 11 โมง,2.5,0,7,6 - 5,4 - 3,2 - 1,0
,1,1,3,จำนวนครั้งจัดอาหารไม่ตรงตามใบสั่งอาหาร,2.5,0,7,6 - 5,4 - 3,2 - 1,0
,1,1,3,"จำนวนครั้งได้รับข้อร้องเรียนจากผู้ป่วย 
- ข้าวต้ม เหม็นไหม้
- ข้าวต้มหลัง 2 ทุ่มบูด
- ข้าวสวยแข็ง
- เครื่องดื่มหวานเกิน (ไม่ชงตามสูตร)",2.5,6,13,12 - 11,10 - 9,8 - 7,6
,1,1,3,จำนวนครั้งพบภาชนะ-อุปกรณ์ ผู้ป่วยมีคราบสกปรกฝั่งแน่น,2.5,0,7,6 - 5,4 - 3,2 - 1,0
,1,1,3,จำนวนครั้งสุ่มพบ อาหาร เครื่องดื่ม เหลือทิ้งจำนวนมาก    ไม่นำออกส่งขาย หลังจัดอาหารเสร็จ,2.5,6,13,12 - 11,10 - 9,8 - 7,6
,1,1,3,จำนวนครั้งที่ได้รับแจ้งถาดอาหารค้าง ward จำนวนมาก,2.5,6,13,12 - 11,10 - 9,8 - 7,6
,1,1,3,"จำนวนครั้งที่สุ่มพบ 
- ช้อน-ส้อม มีไม่พอต่อการให้บริการ
 -ผ้าเช็ดช้อม-ส้อม สกปรก ดำ 
 -พื้นที่ส่วนปฏิบัติงาน -อุปกรณ์ของใช้สกปรก และไม่เป็นระเบียบ",2.5,6,13,12 - 11,10 - 9,8 - 7,6
,1,1,3,จำนวนครั้งสุ่มตรวจไม่พบบันทึกอุณหภูมิแลกรับวัตถุดิบและอุณหภูมิตู้แช่อาหารสด-ผักสดประจำวัน,2.5,6,13,12 - 11,10 - 9,8 - 7,6
,1,1,3,จำนวนครั้งที่พบ เนื้อสัตว์ -ผักสด เน่าเสีย จนก่อให้เกิดอุบัติการณ์ผู้ป่วยติดเชื้อทางเดินอาหาร,2.5,0,7,6 - 5,4 - 3,2 - 1,0
,1,1,3,จำนวนรายที่เกิดความผิดพลาดในการคิดค่าใช้จ่ายและคำนวณสิทธิเบิก,2.5,1,8,7 - 6,5 - 4,3 - 2,1
,1,1,3,จำนวนครั้งที่มีการส่งรายได้ประจำวันไม่ถูกต้อง,2.5,1,8,7 - 6,5 - 4,3 - 2,1
,1,1,3,จำนวนครั้งที่คีย์ DF ผิดคน/ไม่ระบุชื่อแพทย์,2.5,2,6,5,4,3,2
,1,1,3,จำนวนข้อร้องเรียนพฤติกรรมบริการ,2.5,0,7,6 - 5,4 - 3,2 - 1,0
,1,1,3,จำนวนชั่วโมงการ OJT และการเข้าอบรมของบุคลากรในหน่วยงานเป็นไปตามเป้า,2.5,80,49,50 - 59,60 - 69,70 - 79,80
,1,1,3,จำนวนครั้งของการไม่รายงานความเสี่ยงตาม Fram work,2.5,0,7,6 - 5,4 - 3,2 - 1,0
,1,1,3,จำนวนข้อร้องเรียนเกี่ยวการการแนะนำตรวจสุขภาพ,2.5,0,7,6 - 5,4 - 3,2 - 1,0
,2,1,3,อัตราการรายงานผลตรวจสุขภาพรักษ์ชีวิตภายในระยะเวลาที่กำหนด,2.5,100,69,70 - 79,80 - 89,90 - 99,100
,2,1,3,อัตราการส่งผลตรวจสุขภาพกลุ่มบริษัทภายในระยะเวลาที่กำหนด,2.5,90,59,60 - 69,70 - 79,80 - 89,90
,1,1,3,จำนวนข้อร้องเรียนเกี่ยวกับการเจาะเลือดพลาด,2.5,0,7,6 - 5,4 - 3,2 - 1,0
,1,1,3,จำนวนครั้งของการฉีดวัคซีนผิด,2.5,0,7,6 - 5,4 - 3,2 - 1,0
,1,1,3,จำนวนครั้งของการซักประวัติ และ ลงข้อมูลไม่ครบถ้วน,2.5,0,7,6 - 5,4 - 3,2 - 1,0
,1,1,3,จำนวนครั้งของการนำเสนอขายโปรแกรมตรวจสุขภาพผิดพลาด,2.5,0,7,6 - 5,4 - 3,2 - 1,0
,1,1,3,จำนวนครั้งของการซักประวัติ จัดเตรียมเอกสาร และ ลงข้อมูลในระบบไม่ครบถ้วน,2.5,0,7,6 - 5,4 - 3,2 - 1,0
,1,1,3,จำนวนครั้งของการคีย์รายการโปรแกรมตรวจต่างๆผิดพลาด,2.5,0,7,6 - 5,4 - 3,2 - 1,0
,1,1,3,จำนวนครั้งของการจัดเตรียมเอกสารชุดตรวจต่างๆผิดพลาด,2.5,0,7,6 - 5,4 - 3,2 - 1,0
,1,1,3,จำนวนครั้งของการจัดเตรียมเอกสารการวางบิลค่าตรวจสุขภาพของบริษัทต่าง ๆ ผิดพลาด,2.5,0,7,6 - 5,4 - 3,2 - 1,0
,1,1,3,จำนวนครั้งของการลงทะเบียน Bulk regist ผิดพลาด,2.5,0,7,6 - 5,4 - 3,2 - 1,0
,1,1,3, จำนวนครั้งของการตรวจทำหัตการผิดพลาด จากการบันทึกผลผิดพลาด,2.5,0,7,6 - 5,4 - 3,2 - 1,0
,1,1,3,จำนวนครั้งของการนำส่งสิ่งส่งตรวจ(specimen)ส่งไปยังห้องปฏิบัติการชันสูตรผิดพลาด,2.5,0,7,6 - 5,4 - 3,2 - 1,0
,1,1,3,จำนวนครั้งนำส่งผู้รับบริการส่งตรวจผิดแผนก,2.5,0,7,6 - 5,4 - 3,2 - 1,0
,1,1,3,จำนวนครั้งของการเตรียมอุปกรณ์  และ บุคลากร ไม่พร้อมออกหน่วย,2.5,0,7,6 - 5,4 - 3,2 - 1,0
,1,1,3,จำนวนครั้งของการตรวจทำหัตการผิดพลาด จากการบันทึกผลผิดพลาด,2.5,0,7,6 - 5,4 - 3,2 - 1,0
,1,1,3,จำนวนข้อร้องเรียนเรื่องพฤติกรรมบริการ,2.5,0,7,6 - 5,4 - 3,2 - 1,0
,1,1,3,จำนวนครั้งในการลงทะเบียนผู้ป่วยผิดคน,2.5,0,7,6 - 5,4 - 3,2 - 1,0
,1,1,3,จำนวนครั้งการจัดเตรียมเอกสารเบิกค่ารักษาพยาบาลผิดพลาด / ไม่ครบถ้วน,2.5,0,7,6 - 5,4 - 3,2 - 1,0
,1,1,3,จำนวนครั้งในการใส่คู่สัญญาผิดพลาด,2.5,0,7,6 - 5,4 - 3,2 - 1,0
,1,1,3,จำนวนครั้งในการให้ข้อมูลผิดพลาด,2.5,0,7,6 - 5,4 - 3,2 - 1,0
,1,1,3,จำนวนอุบัติการณ์จากการขอเปิดเผยประวัติ,2.5,0,7,6 - 5,4 - 3,2 - 1,0
,1,1,3,จำนวนอุบัติการณ์จากการประสานใบชันสูตรให้แพทย์ล่าช้า,2.5,0,7,6 - 5,4 - 3,2 - 1,0
,2,1,3,อัตราการให้บริการได้ตาม SLA,2.5,100,69,70 - 79,80 - 89,90 - 99,100
,1,1,3,จำนวนครั้งของการจ่ายอุปกรณ์หรือเครื่องมือที่ไม่สามารถใช้งานได้,2.5,0,7,6 - 5,4 - 3,2 - 1,0
,1,1,3,จำนวนครั้งของการจัดอุปกรณ์เครื่องมือไม่ครบถ้วน,2.5,0,7,6 - 5,4 - 3,2 - 1,0
,1,1,3,จำนวนครั้งที่พบเครื่องมือ อุปกรณ์ทางการแพทย์ไม่สะอาด,2.5,0,7,6 - 5,4 - 3,2 - 1,0
,1,1,3,จำนวนครั้งของการไม่รายงานความเสี่ยงตาม Frame work,2.5,0,7,6 - 5,4 - 3,2 - 1,0
,1,1,3,จำนวนครั้งของการไม่รายงานแพทย์เมื่อพบผู้ป่วยอาการแย่ลง,2.5,0,7,6 - 5,4 - 3,2 - 1,0
,1,1,3,จำนวนครั้งของการบริหารยา และการทำ Treatment ผิดพลาด,2.5,0,7,6 - 5,4 - 3,2 - 1,0
,1,1,3,จำนวนครั้งของการให้การพยาบาลไม่ถูกต้องตามมาตรฐานที่ รพ.กำหนด,2.5,0,7,6 - 5,4 - 3,2 - 1,0
,1,1,3,จำนวนอครั้งของความไม่พร้อมในการเตรียมยา เวชภัณฑ์ออกรถพยาบาล/ออกหน่วย,2.5,0,7,6 - 5,4 - 3,2 - 1,0
,1,1,3,จำนวนครั้งของการบริหารยา และการทำTreatment ผิดพลาด,2.5,0,7,6 - 5,4 - 3,2 - 1,0
,1,1,3,จำนวนครั้งของการเตรียมอุปกรณ์ เครื่องมือไม่พร้อมใช้งาน,2.5,0,7,6 - 5,4 - 3,2 - 1,0
,1,1,3,จำนวนครั้งของการไม่เตรียมความพร้อมของอุปกรณ์ในการออกAmbulance,2.5,0,7,6 - 5,4 - 3,2 - 1,0
,1,1,3,จำนวนครั้งของความผิดพลาดในการนำส่งผู้ป่วยไปยังหน่วยงานต่างๆ,2.5,0,7,6 - 5,4 - 3,2 - 1,0
,1,1,3,จำนวนครั้งของการไม่เตรียมความพร้อมของการออกหน่วยปฐมพยาบาล,2.5,0,7,6 - 5,4 - 3,2 - 1,0
,1,1,3,จำนวนครั้งของการKeyรายการ Lab  Xray ผิดพลาด,2.5,0,7,6 - 5,4 - 3,2 - 1,0
,1,1,3,Med error ( Transcribing ),2.5,14,21,20 - 19,18 - 17,16 - 15,14
,1,1,3,จำนวนครั้งของการนัดหมายผิดพลาด,2.5,0,7,6 - 5,4 - 3,2 - 1,0
,1,1,3,จำนวนครั้งการคีย์ค่าใช้จ่ายไม่ครบถ้วน,2.5,0,7,6 - 5,4 - 3,2 - 1,0
,1,1,3,จำนวนครั้งของการทำหัตถการผิดคน ,2.5,0,7,6 - 5,4 - 3,2 - 1,0
,1,1,3,จำนวนครั้งของการคิดค่าใช้จ่ายผิดพลาด,2.5,0,7,6 - 5,4 - 3,2 - 1,0
,1,1,3,จำนวนครั้งของการเกิดเครื่องมือทางการแพทย์เสียหายจากการใช้งานไม่ถูกต้อง,2.5,0,7,6 - 5,4 - 3,2 - 1,0
,1,1,3,จำนวนครั้งในการส่ง Specimen  ผิดพลาด,2.5,0,7,6 - 5,4 - 3,2 - 1,0
,1,1,3,จำนวนครั้งของการเกิดอุบัติการณ์ส่องกล้องผิดคนผิดหัตถการ ,2.5,0,7,6 - 5,4 - 3,2 - 1,0
,1,1,3,จำนวนครั้งของความไม่พร้อม ของห้องตรวจ กล้องส่องตรวจ อุปกรณ์ และเวชภัณฑ์,2.5,0,7,6 - 5,4 - 3,2 - 1,0
,1,1,3,จำนวนครั้งที่ไม่ได้บันทึกนัดผู้ป่วยและลงทะเบียนผู้ป่วยผืดพลาด,2.5,0,7,6 - 5,4 - 3,2 - 1,0
,1,1,3,จำนวนครั้งของการช่วยแพทย์ผิดพลาด,2.5,0,7,6 - 5,4 - 3,2 - 1,0
,1,1,3,จำนวนครั้งที่การดูแลอุปกรณ์ เครื่องมือทางการแพทย์ ผิดพลาด อันเนื่องมาจากการไม่ปฏิบัติตามกระบวนการที่กำหนด,2.5,0,7,6 - 5,4 - 3,2 - 1,0
,1,1,3,จำนวนครั้งที่ไม่ได้บันทึกนัดผู้ป่วยและลงทะเบียนผู้ป่วยผิดพลาด,2.5,0,7,6 - 5,4 - 3,2 - 1,0
,2,1,3,ค่าใช้จ่ายวัสดุสิ้นเปลืองต่อAdjust Patientday (ลดลงจากเดิม 2 %),2.5,2,0,0.1 - 0.4,0.5 - 0.9,1.0 - 1.9,2
,1,1,3,จำนวนครั้งข้อร้องเรียนเรื่องผ้าไม่สะอาดหรือผ้าชำรุด,2.5,0,7,6 - 5,4 - 3,2 - 1,0
,2,1,3,อัตราการส่งมอบผ้าได้ตามแผนที่กำหนด,2.5,100,69,70 - 79,80 - 89,90 - 99,100
,1,1,3,จำนวนครั้งที่ทำการสรุปค่าใช้จ่ายของการส่งผ้าซักรีดกับหน่วยงานภายนอกผิดพลาด,2.5,0,7,6 - 5,4 - 3,2 - 1,0
,1,1,3,จำนวนครั้งที่ไม่สามารถเก็บผ้าสำหรับส่งซักได้ทัน,2.5,0,7,6 - 5,4 - 3,2 - 1,0
,2,1,3,จำนวนข้อร้องเรียนเรื่องความไม่เรียบร้อยของพื้นลดลง,2.5,0,7,6 - 5,4 - 3,2 - 1,0
,2,1,3,อัตราระยะเวลาในการทำความสะอาดห้องพักผู้ป่วย ≤ 30 นาที/ห้อง,2.5,90,59,60 - 69,70 - 79,80 - 89,90
,2,1,3,อัตราการโอนย้ายและจัดเก็บทรัพย์สินส่วนกลางของ รพ.ครบถ้วน,2.5,100,69,70 - 79,80 - 89,90 - 99,100
,1,1,3,จำนวนครั้งที่ไม่ได้ดำเนินการจ่ายค่าเงินตามระยะเวลาที่กำหนด,2.5,0,7,6 - 5,4 - 3,2 - 1,0
,2,1,3,"จำนวนIR ข้อผิดพลาดในการปฏิบัติงานของ รปภ.และ
อปภร.ลดลง",2.5,0,7,6 - 5,4 - 3,2 - 1,0
,1,1,3,จำนวนครั้งของการจ่ายวัสดุสิ้นเปลื่องไม่ทันตามระยะเวลากำหนด,2.5,0,7,6 - 5,4 - 3,2 - 1,0
,1,1,3,จำนวนครั้งของการออกแบบผิดพลาดในการตัดเย็บ,2.5,0,7,6 - 5,4 - 3,2 - 1,0
,1,1,3,จำนวนครั้งที่ไม่สามารถสรุปจำนวนรายการตัดเย็บได้ทันตามระยะเวลาที่กำหนด,2.5,0,7,6 - 5,4 - 3,2 - 1,0
,2,1,3,สามารถรายงานเคส ผลการตรวจ และปัญหาที่พบได้อย่างถูกต้อง ครบถ้วน ไม่เกิด IR ,2.5,100,69,70 - 79,80 - 89,90 - 99,100
,2,1,3,สามารถรับคำสั่งแพทย์ได้อย่างถูกต้อง ครบถ้วน ไม่เกิด IR ,2.5,100,69,70 - 79,80 - 89,90 - 99,100
,2,1,3,สามารถเตรียมผู้รับบริการก่อนตรวจหัตถการทางหัวใจและทรวงอกได้อย่างถูกต้อง  ครบถ้วน ไม่เกิด IR ,2.5,100,69,70 - 79,80 - 89,90 - 99,100
,1,1,3,จำนวนครั้งของผู้ป่วยที่เกิดภาวะแทรกซ้อนจากการกระทำของบุคลากรทางการแพทย์,2.5,0,7,6 - 5,4 - 3,2 - 1,0
,2,1,3,สามารถช่วยแพทย์ทำหัตถการทางเทคโนโลยีหัวใจและทรวงอกได้ถูกต้อง ถูกคน ถูกหัตถการ ,2.5,100,69,70 - 79,80 - 89,90 - 99,100
,2,1,3,มอบผลการตรวจให้ผู้รับบริการได้ถูกต้อง,2.5,100,69,70 - 79,80 - 89,90 - 99,100
,1,1,3,จำนวนครั้งของความไม่พร้อมใช้ของหัตถการทางเทคโนโลยีหัวใจและทรวงอก,2.5,0,7,6 - 5,4 - 3,2 - 1,0
,1,1,3,จำนวนครั้งของการคีย์คิดค่าใช้จ่ายผิดพลาด,2.5,0,7,6 - 5,4 - 3,2 - 1,0
,1,1,3,จำนวนครั้งของอุปกรณ์และเครื่องมือและของใช้ในแผนกไม่พร้อมใช้,2.5,0,7,6 - 5,4 - 3,2 - 1,0
,1,1,3,จำนวนครั้งของการคีย์ผิดพลาด,2.5,0,7,6 - 5,4 - 3,2 - 1,0
,1,1,3,จำนวนครั้งของการตรวจสอบการทำงานของระบบน้ำบริสุทธิ์ผิดพลาด,2.5,0,7,6 - 5,4 - 3,2 - 1,0
,1,1,3,จำนวนครั้งการให้การพยาบาลผู้ป่วยก่อน ขณะ และหลังฟอกเลือดไม่ถูกต้อง,2.5,0,7,6 - 5,4 - 3,2 - 1,0
,1,1,3,จำนวนครั้งในการให้ยา สารน้ำ เลือด และส่วนประกอบของเลือดไม่ถูกต้อง,2.5,0,7,6 - 5,4 - 3,2 - 1,0
,1,1,3,จำนวนครั้งการช่วยผู้ป่วยภาวะวิกฤตไม่ทันเวลา,2.5,0,7,6 - 5,4 - 3,2 - 1,0
,1,1,3,จำนวนครั้งของการตรวจสอบการทำงานของระบบน้ำบริสุทธิ์ผิดพลาด ,2.5,0,7,6 - 5,4 - 3,2 - 1,0
,1,1,3,จำนวนครั้งในการตั้งค่าเครื่องไตเทียมตามคำสั่งการรักษาของแพทย์ไม่ถูกต้อง,2.5,0,7,6 - 5,4 - 3,2 - 1,0
,1,1,3,จำนวนครั้งของการช่วยผู้ป่วยภาวะวิกฤตไม่ทันเวลา,2.5,0,7,6 - 5,4 - 3,2 - 1,0
,2,1,3,อัตราการเตรียมผู้ป่วยให้พร้อมก่อน ขณะ และหลังฟอกเลือดครบกระบวนการ,2.5,100,69,70 - 79,80 - 89,90 - 99,100
,1,1,3,จำนวนครั้งการอบฆ่าเชื้อตัวกรอง Test Leak วัด TCV และการบันทึกไม่ถูกต้องครบถ้วน,2.5,0,7,6 - 5,4 - 3,2 - 1,0
,1,1,3,จำนวนครั้งที่เป็นทีมช่วยพยาบาลเมื่อเกิดภาวะวิกฤตขณะฟอกเลือดได้ไม่ทันเวลา,2.5,0,7,6 - 5,4 - 3,2 - 1,0
,1,1,3,จำนวนครั้งของการควบคุมและป้องกันการติดเชื้อในหน่วยงานไม่ถูกต้อง,2.5,0,7,6 - 5,4 - 3,2 - 1,0
,1,1,3,จำนวนครั้งของการ Key Lab / X-Ray และค่าใช้จ่ายไม่ถูกต้อง,2.5,0,7,6 - 5,4 - 3,2 - 1,0
,1,1,3,จำนวนครั้งของการนัดหมายและบันทึกการนัดหมายไม่ถูกต้อง,2.5,0,7,6 - 5,4 - 3,2 - 1,0
,2,1,3,อัตราการ Key เบิกค่าฟอกเลือด ยา EPO ในระบบ สกส.ได้ถูกต้อง ครบถ้วน,2.5,100,69,70 - 79,80 - 89,90 - 99,100
,1,1,3,จำนวนครั้งของการควบคุมและป้องกันการกระจายเชื้อในหน่วยงานไม่ถูกต้อง,2.5,0,7,6 - 5,4 - 3,2 - 1,0
,1,1,3,จำนวนครั้งของความผิดพลาดในการปฏิบัติการพยาบาลตามแนวทางที่กำหนด,2.5,0,7,6 - 5,4 - 3,2 - 1,0
,1,1,3,จำนวนครั้งของความผิดพลาดในการประเมินอาการ จำแนกความรุนแรง วินิจฉัยปัญหา/ความผิดปกติ ,2.5,0,7,6 - 5,4 - 3,2 - 1,0
,1,1,3,จำนวนครั้งของความผิดพลาดในการบริหารยาที่มีความเสี่ยงสูง,2.5,0,7,6 - 5,4 - 3,2 - 1,0
,1,1,3,จำนวนครั้งของความผิดพลาดในการเตรียมความพร้อมในการให้บริการของแผนก,2.5,0,7,6 - 5,4 - 3,2 - 1,0
,1,1,3,จำนวนครั้งของความผิดพลาดในการใช้เครื่องมือและอุปกรณ์ทางการแพทย์ที่ซับซ้อน และจากการทำหัตถการ,2.5,0,7,6 - 5,4 - 3,2 - 1,0
,1,1,3,จำนวนครั้งของความผิดพลาดในการประเมินอาการและแปลผลเบื้องต้น,2.5,0,7,6 - 5,4 - 3,2 - 1,0
,1,1,3,จำนวนครั้งของความผิดพลาดในการพยาบาลผู้ป่วย,2.5,0,7,6 - 5,4 - 3,2 - 1,0
,1,1,3,จำนวนครั้งของความผิดพลาดและการเกิดภาวะแทรกซ้อนในการใช้เครื่องมือและจากการทำหัตถการ,2.5,0,7,6 - 5,4 - 3,2 - 1,0
,1,1,3,จำนวนครั้งของการเตรียมและใช้เครื่องมือ  หรืออุปกรณ์ผิดพลาด,2.5,0,7,6 - 5,4 - 3,2 - 1,0
,1,1,3,จำนวนครั้งของความผิดพลาดในการดูแลผู้ป่วย,2.5,0,7,6 - 5,4 - 3,2 - 1,0
,1,1,3,จำนวนครั้งของความผิดพลาดในการดูแลผู้ป่วยที่ใส่เครื่องช่วยหายใจ ใส่สายสวนต่างๆ และการให้อาหารทางสายยาง,2.5,0,7,6 - 5,4 - 3,2 - 1,0
,1,1,3,จำนวนครั้งของผิดพลาดในการเบิกยาและเวชภัณฑ์ตามแผนการรักษา ภายใต้การตรวจสอบของเภสัชกรตามระบบ,2.5,0,7,6 - 5,4 - 3,2 - 1,0
,1,1,3,จำนวนครั้งของความผิดพลาดในการดูแลผู้ป่วยหนัก ตามหน้าที่ที่ได้รับมอบหมาย,2.5,0,7,6 - 5,4 - 3,2 - 1,0
,1,1,3,จำนวนครั้งของความผิดพลาดในการเตรียมความพร้อมของเครื่องมือและอุปกรณ์,2.5,0,7,6 - 5,4 - 3,2 - 1,0
,1,1,3,จำนวนครั้งของความผิดพลาดในการช่วยพยาบาลและแพทย์กรณีมีปฏิบัติการช่วยชีวิตผู้ป่วย,2.5,0,7,6 - 5,4 - 3,2 - 1,0
,1,1,3,จำนวนครั้งของความผิดพลาดในการตรวจสอบความพร้อมใช้ของอุปกรณ์และเวชภัณฑ์,2.5,0,7,6 - 5,4 - 3,2 - 1,0
,1,1,3,จำนวนครั้งของการอธิบายขั้นตอนการให้บริการผู้ป่วยผิดพลาด ,2.5,0,7,6 - 5,4 - 3,2 - 1,0
,1,1,3,จำนวนครั้งของการเตรียมความพร้อมด้านเวชภัณฑ์  และยาผิดพลาด,2.5,0,7,6 - 5,4 - 3,2 - 1,0
,1,1,3,จำนวนครั้งของการปฏิบัติตาม standard precaution  ไม่ถูกต้อง,2.5,0,7,6 - 5,4 - 3,2 - 1,0
,1,1,3,จำนวนครั้งของการKey เบิกยา เวชภัณฑ์ เพื่อใช้กับผู้ป่วย การนัดผู้ป่วยผิดพลาด,2.5,0,7,6 - 5,4 - 3,2 - 1,0
,1,1,3,จำนวนครั้งที่ผลการควบคุมคุณภาพไม่อยู่ในเกณฑ์และไม่ได้รับการแก้ไข,2.5,0,7,6 - 5,4 - 3,2 - 1,0
,1,1,3,จำนวนครั้งที่ทำการตรวจวิเคราะห์ผิดพลาด,2.5,0,7,6 - 5,4 - 3,2 - 1,0
,1,1,3,จำนวนครั้งที่รายงานผลการตรวจผิดพลาด,2.5,0,7,6 - 5,4 - 3,2 - 1,0
,1,1,3,จำนวนครั้งที่เก็บสิ่งส่งตรวจผิดพลาด /ไม่ครบถ้วน,2.5,0,7,6 - 5,4 - 3,2 - 1,0
,1,1,3,จำนวนครั้งที่เตรียมสิ่งส่งตรวจผิด / ไม่ครบถ้วน,2.5,0,7,6 - 5,4 - 3,2 - 1,0
,1,1,3,จำนวนครั้งที่จัดเก็บสิ่งส่งตรวจสำหรับส่งต่อภายนอกผิด / ไม่ครบถ้วน,2.5,0,7,6 - 5,4 - 3,2 - 1,0
,1,1,3,จำนวนครั้งที่ตรวจรับรายการตรวจผิด/ไม่ครบถ้วน,2.5,1,8,7 - 6,5 - 4,3 - 2,1
,1,1,3,จำนวนครั้งที่ให้ผู้รับบริการเก็บปัสสาวะ อุจจาระ เสมหะ สิ่งส่งตรวจผิด,2.5,0,7,6 - 5,4 - 3,2 - 1,0
,2,1,3,Total Revenue,2.5,15,8,9 - 10,11 - 12,13 - 14,15
,2,1,3,รายได้จากกลุ่ม รพ./คลินิกเพิ่มขึ้น,2.5,15,8,9 - 10,11 - 12,13 - 14,15
,2,1,3,รายได้จากตัวแทนคู่สัญญาเพิ่มขึ้น,2.5,15,8,9 - 10,11 - 12,13 - 14,15
,2,1,3,รายได้จากผู้รับบริการตรวจสุขภาพบริษัทเพิ่มขึ้น,2.5,10.00,3,4 - 5,6 - 7,8 - 9,10
,2,1,3,จำนวนผู้รับบริการใหม่,2.5,10.00,3,4 - 5,6 - 7,8 - 9,10
,2,1,3,อัตราโครงการทางการตลาดเป็นไปตามแผนที่กำหนด,2.5,80,49,50 - 59,60 - 69,70 - 79,80
,2,1,3,จำนวนสื่อประชาสัมพันธ์ที่ผลิตได้ตามเวลา,2.5,90,59,60 - 69,70 - 79,80 - 89,90
,1,1,3,จำนวนการออกบูธตรวจสุขภาพ CSR และกิจกรรมทางการตลาด,2.5,48,41,42 - 43,44 - 45,46 - 47,48
,1,1,3,จำนวนแผ่นพับ หรือเอกสารให้ความรู้จัดทำใหม่และแผ่นพับเก่าได้รับการทบทวน,2.5,44,37,38 - 39,40 - 41,42 - 43,44
,2,1,3,อัตรายอดชายแพ็คเกจสุขภาพและวัคซีนผ่านตามเป้าหมาย,2.5,80,49,50 - 59,60 - 69,70 - 79,80
,2,1,3,อัตราการเติบโตของคลินิกบริการที่รับผิดชอบ (GI),2.5,80,49,50 - 59,60 - 69,70 - 79,80
,1,1,3,จำนวนครั้งในการจัดกิจกรรมสร้างเสริมสุขภาพ / การเป็นวิทยากรให้ความรู้ด้านสุขภาพ,2.5,27,20,21 - 22,23 - 24,25 - 26,27
,1,1,3,จำนวนครั้งในการจัดกิจกรรมสร้างเสริมสุขภาพหน่วยงานภายนอก (โครงการ First  Aid & BLS และ มือ รู้ กู้ใจ),2.5,25,18,19 - 20,21 - 22,23 - 24,25
,1,1,3,จำนวนครั้งในการออกบูธตรวจสุขภาพ หรือจัดกิจกรรม CSR,2.5,48,41,42 - 43,44 - 45,46 - 47,48
,2,1,3,อัตราการเติบโตของคลินิกบริการที่รับผิดชอบ (Surg-Ortho),2.5,80,49,50 - 59,60 - 69,70 - 79,80
,2,1,3,อัตราการเติบโตของคลินิกบริการที่รับผิดชอบ (Rehab),2.5,80,49,50 - 59,60 - 69,70 - 79,80
,2,1,3,อัตราโครงการทางการตลาดที่จัดทำขึ้นเทียบกับแผนที่กำหนด,2.5,80,49,50 - 59,60 - 69,70 - 79,80
,2,1,3,อัตราความสำเร็จของโครงการการตลาด,2.5,80,49,50 - 59,60 - 69,70 - 79,80
,2,1,3,การประชาสัมพันธ์ล่วงหน้า 2 สัปดาห์,2.5,80,49,50 - 59,60 - 69,70 - 79,80
,2,1,3,อัตราการเติบโตของคลินิกบริการที่รับผิดชอบ (OBG),2.5,80,49,50 - 59,60 - 69,70 - 79,80
,2,1,3,อัตราการเติบโตของคลินิกบริการที่รับผิดชอบ (NS),2.5,80,49,50 - 59,60 - 69,70 - 79,80
,2,1,3,ประชาสัมพันธ์กิจกรรม/โปรโมชั่นล่วงหน้า 15 วัน,2.5,80,49,50 - 59,60 - 69,70 - 79,80
,2,1,3,จำนวน Content ประชาสัมพันธ์ สื่อ Digital Marketing,2.5,30,23,24 - 25,26 - 27,28 - 29,30
,1,1,3,จำนวนการเผยแพร่สื่อประชาสัมพันธ์ผิดพลาด,2.5,6,13,12 - 11,10 - 9,8 - 7,6
,2,1,3,ยอดการเข้าถึง Website,2.5,80,49,50 - 59,60 - 69,70 - 79,80
,2,1,3,อัตราการเติบโตของคลินิกบริการที่รับผิดชอบ (Med),2.5,10.00,3,4 - 5,6 - 7,8 - 9,10
,2,1,3,จำนวนการออกบูธตรวจสุขภาพ CSRและกิจกรรมทางการตลาด,2.5,4,11,10 - 9,8 - 7,6 - 5,4
,2,1,3,อัตราการเติบโตของคลินิกบริการที่รับผิดชอบ (PED),2.5,10.00,3,4 - 5,6 - 7,8 - 9,10
,2,1,3,รายได้จากกลุ่มบริษัทตรวจสุขภาพเพิ่มขึ้น,2.5,15,8,9 - 10,11 - 12,13 - 14,15
,2,1,3,จำนวนการออกตลาดเชิงรุกหาลูกค้า,2.5,3,10,9 - 8,7 - 6,5 - 4,3
,2,1,3,จำนวนการส่ง Set คู่สัญญา รพ./คลินิกถูกต้องครบถ้วน,2.5,100,69,70 - 79,80 - 89,90 - 99,100
,2,1,3,อัตราการเติบโตของคลินิกบริการที่รับผิดชอบ (HCC),2.5,80,49,50 - 59,60 - 69,70 - 79,80
,2,1,3,จำนวนผู้รับบริการรายใหม่เพิ่มขึ้น,2.5,15,8,9 - 10,11 - 12,13 - 14,15
,2,1,3,อัตราการเติบโตของคลินิกบริการที่รับผิดชอบ (X-Ray),2.5,80,49,50 - 59,60 - 69,70 - 79,80
,2,1,3,อัตราการเติบโตของคลินิกบริการที่รับผิดชอบ (Heart),2.5,80,49,50 - 59,60 - 69,70 - 79,80
,2,1,3,รายได้จากกลุ่มประกันนักเรียนเพิ่มขึ้น /คลินิกบริการ/คู่สัญญา,2.5,15,8,9 - 10,11 - 12,13 - 14,15
,2,1,3,จำนวนการส่ง Set คู่สัญญา บริษัทตรวจสุขภาพประกันโรงเรียนถูกต้องครบถ้วน,2.5,100,69,70 - 79,80 - 89,90 - 99,100
,2,1,3,อัตราการเติบโตของคลินิกบริการที่รับผิดชอบ (Dent ),2.5,80,49,50 - 59,60 - 69,70 - 79,80
,2,1,3,อัตราการเติบโตของคลินิกบริการที่รับผิดชอบ (ENT),2.5,80,49,50 - 59,60 - 69,70 - 79,80
,2,1,3,อัตราการเติบโตของคลินิกบริการที่รับผิดชอบ (OR),2.5,80,49,50 - 59,60 - 69,70 - 79,80
,2,1,3,อัตราการเติบโตของคลินิกบริการที่รับผิดชอบ (ER),2.5,80,49,50 - 59,60 - 69,70 - 79,80
,2,1,3,รายได้จากกลุ่มลูกค้าชาวต่างชาติ,2.5,15,8,9 - 10,11 - 12,13 - 14,15
,2,1,3,อัตราการเติบโตของคลินิกบริการที่รับผิดชอบ ,2.5,80,49,50 - 59,60 - 69,70 - 79,80
,2,1,3,จำนวนสื่อประชาสัมพันธ์ที่จัดทำ / จำนวนครั้งของการดูแลห้องประชุม / ประสานงานสัญญาป้ายต่างๆ,2.5,60,53,54 - 55,56 - 57,58 - 59,60
,1,1,3,จำนวนข้อผิดพลาดในการทำสื่อประชาสัมพันธ์,2.5,2,6,5,4,3,2
,2,1,3,จำนวนครั้งในการถ่ายภาพนิ่ง หรือภาพเคลื่อนไหว หรือทำ TV OPD,2.5,3,10,9 - 8,7 - 6,5 - 4,3
,2,1,3,อัตราสื่อประชาสัมพันธ์ที่ผลิตได้ตามเวลา (3 วัน/สื่อ),2.5,80,49,50 - 59,60 - 69,70 - 79,80
,1,1,3,จำนวนครั้งของความผิดพลาดในการประเมินอาการ,2.5,0,7,6 - 5,4 - 3,2 - 1,0
,1,1,3,จำนวนครั้งการบริหารจัดการล่าช้าเมื่อเกิดเหตุการณ์ไม่พึงประสงค์,2.5,0,7,6 - 5,4 - 3,2 - 1,0
,1,1,3,จำนวนครั้งของการให้การพยาบาลและตกลงบริการไม่สอดคล้องกับแผนการรักษาของแพทย์,2.5,0,7,6 - 5,4 - 3,2 - 1,0
,1,1,3,จำนวนครั้งของความผิดพลาดในการซักประวัติ คัดกรอง และประเมินอาการ,2.5,0,7,6 - 5,4 - 3,2 - 1,0
,1,1,3,จำนวนครั้งในการส่งต่อข้อมูลผู้ป่วยไม่ถูกต้องครบถ้วน ,2.5,0,7,6 - 5,4 - 3,2 - 1,0
,1,1,3,จำนวนครั้งของการไม่รายงานแพทย์เมื่อพบผู้ป่วยมีอาการเปลี่ยนแปลงแย่ลง,2.5,0,7,6 - 5,4 - 3,2 - 1,0
,1,1,3,จำนวนครั้งการเตรียมข้อมูลของผู้ป่วยก่อนพบแพทย์ไม่ครบถ้วน,2.5,0,7,6 - 5,4 - 3,2 - 1,0
,1,1,3,จำนวนครั้งของการไม่รายงานพยาบาลเมื่อประเมินสัญญานชีพว่าผิดปกติ,2.5,0,7,6 - 5,4 - 3,2 - 1,0
,1,1,3,จำนวนครั้งของการทำลาผิดพลาด,2.5,0,7,6 - 5,4 - 3,2 - 1,0
,1,1,3,จำนวนครั้งของการทำลาแพทย์ผิดพลาด,2.5,0,7,6 - 5,4 - 3,2 - 1,0
,1,1,3,จำนวนครั้งการเกิดข้อร้องเรียนเรื่องการจัดลำดับคิวไม่เหมาะสม,2.5,0,7,6 - 5,4 - 3,2 - 1,0
,1,1,3,จำนวนครั้งที่ช่วยทำหัตถการทางENT ผิดพลาด,2.5,0,7,6 - 5,4 - 3,2 - 1,0
,1,1,3,จำนวนครั้งของการเตรียมเอกสารผิดพลาด,2.5,0,7,6 - 5,4 - 3,2 - 1,0
,1,1,3,จำนวนครั้งของความผิดพลาดในการมอบผลการตรวจให้ผู้รับบริการ,2.5,0,7,6 - 5,4 - 3,2 - 1,0
,2,1,3,อัตราการบำรุงรักษาเครื่องมือแพทย์ และอุปกรณ์การแพทย์ ตามแผนงานที่กำหนด,2.5,100,69,70 - 79,80 - 89,90 - 99,100
,2,1,3,อัตราการสอบเทียบเครื่องมือแพทย์ ตามแผนงานที่กำหนด,2.5,100,69,70 - 79,80 - 89,90 - 99,100
,2,1,3,% Sub contract และเครื่องมือที่อยู่ในประกันฯ บำรุงรักษาและสอบเทียบตามแผน,2.5,100,69,70 - 79,80 - 89,90 - 99,100
,2,1,3,คชจ.ในการบริหารจัดการเครื่องมือแพทย์ ( % Medical Equipment Management Cost ),2.5,17,10,11 - 12,13 - 14,15 - 16,17
,2,1,3,จำนวนครั้งที่รับเรื่องแจ้งซ่อมหรือมีการบันทึกข้อมูลในฐานข้อมูลเครื่องมือแพทย์ผิดพลาด เป็นเหตุให้เกิดข้อร้องเรียน จากหน่วยงานที่รับบริการ,2.5,2,6,5,4,3,2
,2,1,3,อัตราการดำเนินการติดตามและรายงานผลการตรวจสอบการเรียกคืนเครื่องมือและเทคโนโลยีทางการแพทย์ Recalls & Hazard Alert,2.5,100,69,70 - 79,80 - 89,90 - 99,100
,2,1,3,จำนวนครั้ง ในการบันทึกข้อมูล ในกระบวนการทำ PR.  ผิดพลาด,2.5,0,7,6 - 5,4 - 3,2 - 1,0
,2,1,3,อัตราการส่งรายงานการปฏิบัติงานประจำสัปดาห์ .ประจำเดือน และรายงานการประชุมแผนก ครบถ้วนและตรงเวลา,2.5,100,69,70 - 79,80 - 89,90 - 99,100
,2,1,3,อัตราการบำรุงรักษา เครื่องมือและอุปกรณ์การแพทย์ ตามแผนงานที่มอบหมาย,2.5,100,69,70 - 79,80 - 89,90 - 99,100
,2,1,3,จำนวนครั้งที่เครื่องมือและอุปกรณ์ทางการแพทย์เสียซ้ำในปัญหาเดิมภายใน 1 เดือนหลังงานซ่อม,2.5,2,6,5,4,3,2
,2,1,3,อัตราการซ่อมเครื่องมือและอุปกรณ์ทางการแพทย์เสร็จตามระยะเวลาที่กำหนด,2.5,97,84,85 - 88,89 - 92,93 - 96,97
,2,1,3,จำนวนครั้งที่ เครื่องมือแพทย์ ในระบบPOOL  ไม่พร้อมใช้  เรื่องจากการไม่ปฏิบัติ ตามกระบวนการทำงาน ของเจ้าหน้าที่,2.5,2,6,5,4,3,2
,2,1,3,จำนวนครั้งที่ส่งรายงานสถิติโรค สถิติหัตถการภายในระยะเวลาที่กำหนด ( 7 วัน ),2.5,100,69,70 - 79,80 - 89,90 - 99,100
,2,1,3,จำนวนครั้งการจัดเตรียมเอกสารทางการแพทย์ได้ตรงตามระยะเวลาที่กำหนด ภายใน 3 วัน,2.5,100,69,70 - 79,80 - 89,90 - 99,100
,1,1,3,อุบัติการณ์เรื่องการเปิดเผยประวัติการรักษา,2.5,0,7,6 - 5,4 - 3,2 - 1,0
,1,1,3,จำนวนเวชระเบียนสูญหาย,2.5,0,7,6 - 5,4 - 3,2 - 1,0
,2,1,3,% การให้รหัสโรค รหัสหัตถการผู้ป่วยใน ถูกต้อง,2.5,80,49,50 - 59,60 - 69,70 - 79,80
,2,1,3,% การให้รหัสโรค รหัสหัตถการผู้ป่วยใน ครบถ้วน,2.5,80,49,50 - 59,60 - 69,70 - 79,80
,2,1,3,จำนวนครั้งที่ส่งรายงานสถิติโรคที่ได้รับมอบหมายล่าช้า (ทุกวันที่ 7 ของเดือน),2.5,3,10,9 - 8,7 - 6,5 - 4,3
,1,1,3,จำนวนครั้งการจัดส่งสถิติการทำร้ายตัวเอง เฉพาะในเขตจังหวัดพิษณุโลก กรณีเสียชีวิตและไม่เสียชีวิต ให้สาธารณสุขจังหวัดพิษณุโลกล่าช้า (ไม่เกินทุกวันที่ 5 ของเดือน),2.5,0,7,6 - 5,4 - 3,2 - 1,0
,2,1,3,อัตราการให้รหัสโรค รหัสหัตถการผู้ป่วยนอก ถูกต้อง,2.5,95,79,80 - 84,85 - 89,90 - 94,95
,2,1,3,อัตราการให้รหัสโรค รหัสหัตถการผู้ป่วยนอก ครบถ้วน,2.5,95,79,80 - 84,85 - 89,90 - 94,95
,2,1,3,รายงานผู้เสียชีวิตให้สาธารณสุขจังหวัดพิษณุโลกหลังจากผู้ป่วยเสียชีวิตไม่เกิน 1 เดือน,2.5,100,69,70 - 79,80 - 89,90 - 99,100
,1,1,3,จำนวนครั้งที่ส่งรายงานสถิติที่ได้รับมอบหมาย ภายในระยะเวลาที่กำหนด (กำหนดไม่เกินวันที่ 7 ของทุกเดือน),2.5,0,7,6 - 5,4 - 3,2 - 1,0
,2,1,3,อัตราการให้รหัสโรคหลักผู้ป่วยนอก โดยที่แพทย์ไม่มีคำวินิจฉัย  (ให้รหัสเกิน),2.5,85,69,70 - 74,75 - 79,80 - 84,85
,1,1,3,จำนวนครั้งที่ค้นเวชระเบียนผิดคน / ติด MR Slip ผิด,2.5,0,7,6 - 5,4 - 3,2 - 1,0
,1,1,3,จำนวนครั้งในการประกอบแฟ้มเวชระเบียนผู้ป่วยรายใหม่ผิด,2.5,0,7,6 - 5,4 - 3,2 - 1,0
,1,1,3,จำนวนครั้งของการจัดเก็บเอกสาร / ผลตรวจ ในเวชระเบียนผิดคน,2.5,0,7,6 - 5,4 - 3,2 - 1,0
,2,1,3,อัตราการจัดเตรียมเอกสารทางการแพทย์ได้ตรงตามระยะเวลาที่กำหนด ภายใน 3 วัน,2.5,100,69,70 - 79,80 - 89,90 - 99,100
,1,1,3,จำนวน IR ของการจัดส่งประวัติ / จัดเตรียมผิดคน,2.5,0,7,6 - 5,4 - 3,2 - 1,0
,2,1,3,อัตราการติดตามให้แพทย์สรุปได้ไม่เกิน 14 วันหลังผู้ป่วยจำหน่าย,2.5,95,79,80 - 84,85 - 89,90 - 94,95
,1,1,3,จำนวนการจัดเก็บ Discharge summary ผิดคน,2.5,0,7,6 - 5,4 - 3,2 - 1,0
,1,1,3,จำนวนครั้งที่ผู้ป่วยได้รับอาหารเฉพาะโรคไม่ถูกต้อง,2.5,0,7,6 - 5,4 - 3,2 - 1,0
,1,1,3,จำนวนครั้งที่ส่งตัวอย่างวัตถุดิบอาหาร วิเคราะห์สารปนเปื้อน ตามแผนที่กำหนด,2.5,4,11,10 - 9,8 - 7,6 - 5,4
,1,1,3,จำนวนกิจกรรมให้ความรู้ด้านโภชนาการของแผนก,2.5,12,5,6 - 7,8 - 9,10 - 11,12
,2,1,3,อัตราผู้ป่วยมีภาวะเสี่ยงด้านโภชนาการได้รับการประเมินภาวะโภชนาการเชิงลึกจากนักกำหนดอาหาร/นักโภชนาการ,2.5,100,69,70 - 79,80 - 89,90 - 99,100
,1,1,3,จำนวนชุดของเมนูอาหารผู้ป่วยที่ได้รับการปรับปรุงและพัฒนา,2.5,1,8,7 - 6,5 - 4,3 - 2,1
,1,1,3,จำนวนกิจกรรมให้ความรู้ด้านโภชนาการ,2.5,6,13,12 - 11,10 - 9,8 - 7,6
,1,1,3,จำนวนครั้งของการเตรียมผู้ป่วยผิดพลาด เป็นเหตุให้ต้องเลื่อนวันทำผ่าตัด หัตถการ และ ส่งตรวจพิเศษต่างๆ,2.5,0,7,6 - 5,4 - 3,2 - 1,0
,1,1,3,จำนวนครั้งของการรับคำสั่งแพทย์ผิดพลาด,2.5,0,7,6 - 5,4 - 3,2 - 1,0
,1,1,3,จำนวนครั้งของอุบัติการณ์ที่เกิดจากความผิดพลาดของการตรวจสอบความพร้อมในการบริการ,2.5,0,7,6 - 5,4 - 3,2 - 1,0
,1,1,3,จำนวนครั้งของความผิดพลาดในการส่งต่อผู้ป่วย,2.5,0,7,6 - 5,4 - 3,2 - 1,0
,1,1,3,จำนวนครั้งของการประเมินผู้ป่วย,2.5,0,7,6 - 5,4 - 3,2 - 1,0
,1,1,3,จำนวนครั้งของการช่วยแพทย์ไม่ถูกต้องเหมาะสม,2.5,0,7,6 - 5,4 - 3,2 - 1,0
,1,1,3,จำนวนครั้งของการเตรียมเอกสารต่าง ๆ ไม่ถูกต้องครบถ้วน,2.5,0,7,6 - 5,4 - 3,2 - 1,0
,1,1,3,จำนวนครั้งของการKeyรายการ Lab  X-ray ผิดพลาด,2.5,0,7,6 - 5,4 - 3,2 - 1,0
,1,1,3,จำนวนครั้งของการทำใบติดต่องานการเปลี่ยนแปลงเวลาออกตรวจ/การลาของแพทย์ผิดพลาด,2.5,0,7,6 - 5,4 - 3,2 - 1,0
,1,1,3,จำนวนครั้งของการถูกผู้รับบริการร้องเรียนเรื่องพฤติกรรมการบริการ,2.5,0,7,6 - 5,4 - 3,2 - 1,0
,1,1,3,จำนวนครั้งของการประเมิน คัดกรองผิดพลาด,2.5,0,7,6 - 5,4 - 3,2 - 1,0
,1,1,3,จำนวนครั้งที่ช่วยทำหัตถการผิดพลาด,2.5,0,7,6 - 5,4 - 3,2 - 1,0
,1,1,3,จำนวนครั้งที่ซักประวัติคัดกรองผิดพลาด,2.5,0,7,6 - 5,4 - 3,2 - 1,0
,1,1,3,จำนวนครั้งของการส่ง SMS ผิดพลาด,2.5,0,7,6 - 5,4 - 3,2 - 1,0
,1,1,3,จำนวนครั้งที่ช่วยทำหัตถการทางทันตกรรมผิดพลาด,2.5,0,7,6 - 5,4 - 3,2 - 1,0
,1,1,3,การให้บริการรับโทรศัพท์สายนอกสายในไม่ผิดพลาด,2.5,2,6,5,4,3,2
,1,1,3,จำนวนครั้งในการประกาศ Code ฉุกเฉินผิดพลาด,2.5,0,7,6 - 5,4 - 3,2 - 1,0
,1,1,3,จำนวนครั้งการนัดหมายผิดพลาดของ Call center,2.5,0,7,6 - 5,4 - 3,2 - 1,0
,1,1,3,จำนวนครั้งในการติดต่อประสานงานผู้รับบริการล่าช้า,2.5,2,6,5,4,3,2
,1,1,3,ประกาศ Code ฉุกเฉินถูกต้องไม่ผิดพลาด,2.5,0,7,6 - 5,4 - 3,2 - 1,0
,1,1,3,จำนวนครั้งของความไม่พร้อมในการให้บริการผ่าตัด,2.5,0,7,6 - 5,4 - 3,2 - 1,0
,1,1,3,จำนวนครั้งของการรับ set case ตรวจสอบการจอง-นัด case ผ่าตัดที่ไม่ถูกต้อง,2.5,0,7,6 - 5,4 - 3,2 - 1,0
,1,1,3,จำนวนครั้งที่เตรียมเครื่องมือไม่พร้อมใช้ในการผ่าตัด/ชำรุด,2.5,0,7,6 - 5,4 - 3,2 - 1,0
,1,1,3,จำนวนครั้งของการพบของหมดอายุในหน่วยงาน,2.5,0,7,6 - 5,4 - 3,2 - 1,0
,1,1,3,จำนวนครั้งของการประเมินผู้ป่วยผ่าตัด และการบันทึกข้อมูลทางการพยาบาลไม่ถูกต้อง,2.5,0,7,6 - 5,4 - 3,2 - 1,0
,1,1,3,จำนวนครั้งของการของการช่วยแพทย์ผ่าตัด ส่งเครื่องมือผ่าตัด ช่วยรอบนอก ตรวจนับเครื่องมือ และผ้าซับโลหิตไม่ถูกต้อง,2.5,0,7,6 - 5,4 - 3,2 - 1,0
,1,1,3,จำนวนครั้งของการรายงานแพทย์  และรับคำสั่งแพทย์ผิดพลาด,2.5,0,7,6 - 5,4 - 3,2 - 1,0
,1,1,3,จำนวนครั้งของความไม่พร้อมในการบริการพักฟื้นหลังผ่าตัด,2.5,0,7,6 - 5,4 - 3,2 - 1,0
,2,1,3,อัตราการติดตามเยี่ยมผู้ป่วยหลังผ่าตัด,2.5,80,49,50 - 59,60 - 69,70 - 79,80
,1,1,3,จำนวนครั้งการประเมินผู้ป่วย Recovery ตาม Modified Aldrete Score ไม่ถูกต้อง,2.5,0,7,6 - 5,4 - 3,2 - 1,0
,2,1,3,อัตราการการปฏิบัติได้ถูกต้องตามนโยบาย IPSG3 ,2.5,100,69,70 - 79,80 - 89,90 - 99,100
,1,1,3,จำนวนครั้งของการเกิดอุบัติการณ์ของติดไปกับผ้า/เดือน,2.5,0,7,6 - 5,4 - 3,2 - 1,0
,1,1,3,จำนวนครั้งของการของการส่งเครื่องมือผ่าตัด ช่วยรอบนอก ตรวจนับเครื่องมือ และผ้าซับโลหิตไม่ถูกต้อง,2.5,0,7,6 - 5,4 - 3,2 - 1,0
,1,1,3,จำนวนครั้งของการ รับ-ส่งเอกสาร และ Lab ไม่ถูกต้อง,2.5,0,7,6 - 5,4 - 3,2 - 1,0
,1,1,3,จำนวนครั้งข้อร้องเรียนจากให้บริการทางเภสัชกรรม,2.5,0,7,6 - 5,4 - 3,2 - 1,0
,1,1,3,จำนวนครั้งที่ตรวจสอบยาให้ผู้ป่วยผิดพลาด เหตุการณ์ระดับ ≥ D,2.5,0,7,6 - 5,4 - 3,2 - 1,0
,1,1,3,จำนวนครั้งที่ผู้ป่วยได้รับยาที่แพ้ซ้ำ,2.5,0,7,6 - 5,4 - 3,2 - 1,0
,2,1,3,จำนวนครั้งที่จัดยาหรือเวชภัณฑ์ผิดพลาด,2.5,5,12,11 - 10,9 - 8,7 - 6,5
,1,1,3,จำนวนครั้งที่จัดเก็บยาผิดมาตรฐาน,2.5,0,7,6 - 5,4 - 3,2 - 1,0
,1,1,3,จำนวนครั้งของยากลุ่มพิเศษขาดสต็อก,2.5,0,7,6 - 5,4 - 3,2 - 1,0
,2,1,3,อัตราการจัดเรียงยาตาม FEFO,2.5,80,49,50 - 59,60 - 69,70 - 79,80
,1,1,3,จำนวนครั้งที่จัดเก็บยาผิดมาตรฐาน  ,2.5,0,7,6 - 5,4 - 3,2 - 1,0
,1,1,3,จำนวนครั้งที่ยาหรือเวชภัณฑ์ไม่เพียงพอต่อการใช้,2.5,0,7,6 - 5,4 - 3,2 - 1,0
,1,1,3,จำนวนครั้งในการเกิดอุบัติการณ์ในการเคลื่อนย้าย,2.5,0,7,6 - 5,4 - 3,2 - 1,0
,1,1,3,จำนวนข้อร้องเรียน / IR เรื่องการให้บริการเคลื่อนย้ายล่าช้ากรณีประกาศ code ฉุกเฉิน,2.5,0,7,6 - 5,4 - 3,2 - 1,0
,1,1,3,ข้อผิดพลาดในการประสานงานโดยใช้วิทยุสื่อสาร,2.5,5,12,11 - 10,9 - 8,7 - 6,5
,2,1,3,อัตราการไปถึงจุดประกาศ code น้ำเงิน ภายในระยะเวลาที่กำหนด   ( 5 นาที ),2.5,100,69,70 - 79,80 - 89,90 - 99,100
,1,1,3,จำนวนการส่ง OPD Card  ผิดแผนก,2.5,5,12,11 - 10,9 - 8,7 - 6,5
,1,1,3,การสรุปข้อมูลสถิติผิดพลาด,2.5,4,11,10 - 9,8 - 7,6 - 5,4
,1,1,3,จำนวนครั้งใน การส่ง-ยาผิด WARD,2.5,5,12,11 - 10,9 - 8,7 - 6,5
,1,1,3,ระยะเวลาในการไปถึงจุดประกาศ CODE ไม่เกิน  5 นาที,2.5,0,7,6 - 5,4 - 3,2 - 1,0
,2,1,3,อัตราการเกิดอุบัติเหตุของมีคมทิ่มตำและสัมผัสเลือดหรือสารคัดหลั่งจากการปฏิบัติงานของบุคลากรทางการแพทย์,2.5,0,7,6 - 5,4 - 3,2 - 1,0
,2,1,3,อัตราการได้รับรายงานเมื่อพนักงานเกิดเจ็บป่วยด้วยโรคติดต่อ,2.5,80,49,50 - 59,60 - 69,70 - 79,80
,2,1,3,อัตราการล้างมือ,2.5,100,69,70 - 79,80 - 89,90 - 99,100
,2,1,3,บุคลากรกลุ่มเสี่ยงได้รับภูมิคุ้มกันโรคไข้หวัดใหญ่,2.5,95,79,80 - 84,85 - 89,90 - 94,95
,2,1,3,อัตราการปฏิบัติตามแผนการจัดการผู้ป่วยตามแผนฉุกเฉินของIC ที่กำหนด,2.5,100,69,70 - 79,80 - 89,90 - 99,100
,1,1,3,สรุป-ส่ง รายงานการประชุมฝ่าย QMD เสร็จตามระยะเวลาที่กำหนดได้ ทุกเดือน,2.5,2,6,5,4,3,2
,1,1,3,จำนวนครั้งสื่อสารประเด็นความรู้เกี่ยวกับโรคที่สำคัญทาง IC ,2.5,100,69,70 - 79,80 - 89,90 - 99,100
,2,1,3,การตรวจสอบผู้รับเหมาเมื่อเข้าปฏิบัติงานในพื้นที่โรงพยาบาล,2.5,85,69,70 - 74,75 - 79,80 - 84,85
,2,1,3,จำนวนการบาดเจ็บจากการทำงานของเจ้าหน้าที่ 0 ครั้ง(หยุดงานมากกว่าหรือเท่ากับ 3 วัน),2.5,0,7,6 - 5,4 - 3,2 - 1,0
,2,1,3,อัตราการติดป้ายชี้บ่งสารเคมีถูกต้องและครบถ้วน,2.5,85,69,70 - 74,75 - 79,80 - 84,85
,2,1,3,การสื่อสาร ประชาสัมพันธ์เรื่อง FMS ทุกสัปดาห์,2.5,100,69,70 - 79,80 - 89,90 - 99,100
,2,1,3,อัตราการประเมินการก่อสร้าง และสรุปแนวทางการดำเนินการ ตามแผนโครงการ,2.5,100,69,70 - 79,80 - 89,90 - 99,100
,1,1,3,สรุป-ส่ง รายงานการประชุม คปอ เสร็จหลังการประชุมภายใน 1 สัปดาห์,2.5,12,5,6 - 7,8 - 9,10 - 11,12
,2,1,3,จำนวนครั้งของสรุปข้อมูลความเสี่ยงไม่ทันตามรอบ(การประชุม TOP วาระคุณภาพ),2.5,0,7,6 - 5,4 - 3,2 - 1,0
,2,1,3,อัตราการสื่อสารประเด็นติดตามใน Morning Brief  (ทุกวันพฤหัสบดี),2.5,100,69,70 - 79,80 - 89,90 - 99,100
,2,1,3,"จำนวนการนัดหมายการทบทวน CASE ความเสี่ยงต่างๆ ที่ทบทวนผิดพลาด
(การทำตารางนัด การประสานผู้เกี่ยวข้อง ความพร้อม และติดตามการสรุป ประเด็นจากทีม และการสื่อสารประเด็นให้ผู้เกี่ยวข้องทราบพร้อมทั้งสรุปการแก้ไขที่ต้องติดตาม)",2.5,0,7,6 - 5,4 - 3,2 - 1,0
,2,1,3,อัตราการติดตามการแก้ไข อุบัติการณ์(ระดับ C และทั่วไประดับ 2)ได้ตามระยะเวลาที่กำหนด(  1 เดือน ),2.5,90,59,60 - 69,70 - 79,80 - 89,90
,2,1,3,อัตราเอกสารที่อยู่ในการควบคุมตามระบบคุณภาพได้รับการทบทวนตามรอบที่กำหนด ตามรอบ 3 ปี/วันบังคับใช้เป็นปี 2560/ 2561/ 2562 (ยกเว้นประเภท SD-E FM),2.5,90,59,60 - 69,70 - 79,80 - 89,90
,2,1,3,จำนวนครั้งที่ไม่ปฏิบัติตาม แนวทางการส่งเอกสารสำเนาภายนอก รพ.,2.5,0,7,6 - 5,4 - 3,2 - 1,0
,2,1,3,ได้รับ IR / ข้อร้องเรียนจากหน่วยงาน พบเอกสาร/แบบบันทึก หน้าระบบ Intranet ไม่เป็นปัจจุบัน,2.5,0,7,6 - 5,4 - 3,2 - 1,0
,2,1,3,สรุปข้อมูล performance ของงาน DCC ในแต่ละเดือน ไม่เสร็จตามรอบที่กำหนด ,2.5,0,7,6 - 5,4 - 3,2 - 1,0
,2,1,3,จำนวนครั้งที่สรุปภาพรวมกิจกรรมในเดือนปัจจุบัน และแผนกิจกรรมเดือนถัดไป ของฝ่าย QMD ไม่ทันตามรอบที่กำหนด ทุกเดือน ,2.5,0,7,6 - 5,4 - 3,2 - 1,0
,1,1,3,จำนวนครั้งที่ทำการตรวจประเมิน รักษาฟื้นฟูผิดพลาด,2.5,0,7,6 - 5,4 - 3,2 - 1,0
,1,1,3,จำนวนครั้งที่เกิดการบาดเจ็บ/ภาวะแทรกซ้อนจากการรับบริการ,2.5,0,7,6 - 5,4 - 3,2 - 1,0
,1,1,3,จำนวนครั้งที่บันทึกข้อมูลและสถิติต่างๆภายในแผนกไม่ครบถ้วน/ผิดพลาด,2.5,0,7,6 - 5,4 - 3,2 - 1,0
,1,1,3,จำนวนการเคลื่อน เลื่อนหลุดของอุปกรณ์ทางการแพทย์ จากการได้รับการฟื้นฟูสมรรถภาพ,2.5,0,7,6 - 5,4 - 3,2 - 1,0
,1,1,3,จำนวนครั้งที่ทำการตรวจประเมิน และกระตุ้นพัฒนาการเด็กผิดพลาด,2.5,0,7,6 - 5,4 - 3,2 - 1,0
,1,1,3,จำนวนครั้งที่ทำเกิดข้อร้องเรียนด้านการบริการ,2.5,0,7,6 - 5,4 - 3,2 - 1,0
,1,1,3,จำนวนเอกสาร อุปกรณ์ของใช้ และเวชภัณฑ์ไม่เพียงพอต่อการใช้งาน,2.5,0,7,6 - 5,4 - 3,2 - 1,0
,2,1,3,เปอร์เซ็นต์การบันทึกและจัดทำรายงานการประชุมให้แล้วเสร็จภายใน 2 วัน,2.5,80,49,50 - 59,60 - 69,70 - 79,80
,2,1,3,เปอรเซนต์การบันทึกและจัดทำรายงานการประชุม Morining Brief .ให้แล้วเสร็จ ภายใน 3 วัน,2.5,80,49,50 - 59,60 - 69,70 - 79,80
,2,1,3,เปอร์เซ็นต์การจัดส่งวาระประชุมและ สรุปประชุม ก่อนการประชุม ให้กับผู้ที่เกี่ยวข้องก่อนการประชุมอย่างน้อย 5 วัน,2.5,80,49,50 - 59,60 - 69,70 - 79,80
,2,1,3,ต่ออายุ,2.5,100,69,70 - 79,80 - 89,90 - 99,100
,2,1,3,IR ระดับ 3 ขึ้นไป  ที่เกิดจากการจัดการประชุม และ รับรองแขกผู้บริหาร (ขอบเขตในส่วนที่ SCO รับผิดชอบ),2.5,0,7,6 - 5,4 - 3,2 - 1,0
,2,1,3,IR ระดับ 3 ขึ้นไป  ที่เกิดจากการดำเนินนการในส่วนเลขาองค์กรแพทย์ (ขอบเขตในส่วนที่ SCO รับผิดชอบ),2.5,0,7,6 - 5,4 - 3,2 - 1,0
,2,1,3,เตือนนัด การจัดทำสัญญาก่อนหมดอายุ ≥90วัน,2.5,100,7,6 - 5,4 - 3,2 - 1,0
,2,1,3,การ Verrify ข้อมูลของแพทย์เป็นไปตามแผนงานที่กำหนด ,2.5,100,7,6 - 5,4 - 3,2 - 1,0
,1,1,3,จำนวนครั้งที่ดำเนินการไม่ถูกต้องตามแนวทางการปฏิบัติเมื่อเกิดCODEฉุกเฉิน,2.5,0,7,6 - 5,4 - 3,2 - 1,0
,1,1,3,จำนวนครั้งที่มีการขอยกเลิกการ Refer-in จาก-สาเหตุการรอคอย,2.5,0,7,6 - 5,4 - 3,2 - 1,0
,1,1,3,จำนวนอุบัติการณ์ที่มีการ Refer In-Out ผิดพลาด,2.5,0,7,6 - 5,4 - 3,2 - 1,0
,2,1,3,อัตราการขึ้นเยี่ยมCase  ที่ขอRefer Out,2.5,100,69,70 - 79,80 - 89,90 - 99,100
,1,1,3,จำนวนครั้งของการประเมินผู้ป่วยผิดพลาด,2.5,0,7,6 - 5,4 - 3,2 - 1,0
,2,1,3,Med error,2.5,0.5,12,0.11 - 0.10,0.9 - 0.8,0.7 - 0.6,0.5
,1,1,3,จำนวนข้อร้องเรียน เรื่องพฤติกรรมบริการ,2.5,0,7,6 - 5,4 - 3,2 - 1,0
,2,1,3,อัตราเวลาการออกรถ EMS ในการรับเรื่องศูนย์สื่อสารฯ,2.5,100,69,70 - 79,80 - 89,90 - 99,100
,1,1,3,จำนวนครั้งและระยะเวลาที่ไม่สามารถออกรถได้ตามใบขอใช้,2.5,0,7,6 - 5,4 - 3,2 - 1,0
,2,1,3,อัตราการบำรุงรักษาตามแผนที่กำหนด,2.5,100,69,70 - 79,80 - 89,90 - 99,100
,2,1,3,อัตราการรายงานแผนงานประจำวันตามข้อมูลการขอใช้รถ,2.5,100,69,70 - 79,80 - 89,90 - 99,100
,2,1,3,อัตราการตรวจสอบความพร้อมใช้งานของรถ รพ. ประจำวัน,2.5,100,69,70 - 79,80 - 89,90 - 99,100
,1,1,3,จำนวนครั้งที่พบการสื่อสารผ่านวิทยุสื่อสารผิดพลาด,2.5,0,7,6 - 5,4 - 3,2 - 1,0
,1,1,3,ความจำนวนครั้งของการไปถึงที่หมายไม่ทันเวลา,2.5,0,7,6 - 5,4 - 3,2 - 1,0
,1,1,3,จำนวนข้อร้องเรียนเรื่องการไม่ศึกษาเส้นทางก่อนเริ่มเดินทาง,2.5,0,7,6 - 5,4 - 3,2 - 1,0
,1,1,3,จำนวนครั้งของข้อร้องเรียนเกี่ยวกับการประสานงานและการให้ข้อมูล ทั้งภายในและภายนอก รพ.,2.5,1,8,7 - 6,5 - 4,3 - 2,1
,1,1,3,จำนวนครั้งในการปฎิเสธในการเบิกจ่ายตรง,2.5,0,7,6 - 5,4 - 3,2 - 1,0
,2,1,3,เปอร์เซ็นต์การทำเบิกเคส UCEP ให้ได้ในช่วงเวลาที่กำหนด (60 วัน หลัง discharge),2.5,60,53,54 - 55,56 - 57,58 - 59,60
,2,1,3,เปอร์เซ็นต์ concurrent review ร่วมกับบริษัทประกันชีวิต,2.5,95,79,80 - 84,85 - 89,90 - 94,95
,2,1,3,เปอร์เซ็นการเยี่ยมแฟ้มเวชระเบียนผู้ป่วยสิทธิเบิกทุกสิทธิ,2.5,85,69,70 - 74,75 - 79,80 - 84,85
,2,1,3,เปอร์เซ็นต์concurrent review ร่วมกับบริษัทประกันชีวิต,2.5,95,79,80 - 84,85 - 89,90 - 94,95
,1,1,3,จำนวนครั้งของการส่งข้อมูลสถิติ KPI จัดทำรายงานการประชุม ล่าช้าเกินกำหนด,2.5,0,7,6 - 5,4 - 3,2 - 1,0
,1,1,3,จำนวนครั้งของการรายงานแพทย์ล่าช้า,2.5,0,7,6 - 5,4 - 3,2 - 1,0
,1,1,3,จำนวนครั้งของการรับคำสั่งแพทย์ผิด,2.5,0,7,6 - 5,4 - 3,2 - 1,0
,1,1,3,จำนวนครั้งของการบริหารยา สารน้ำ เลือด และส่วนประกอบของเลือดไม่ถูกต้อง,2.5,0,7,6 - 5,4 - 3,2 - 1,0
,1,1,3,จำนวนครั้งของความผิดพลาดในการประสานส่งต่อผู้ป่วยภายในและภายนอก รพ.,2.5,0,7,6 - 5,4 - 3,2 - 1,0
,1,1,3,จำนวนครั้งของการเตรียมผู้ป่วยก่อนเข้าห้องผ่าตัดผิดพลาด,2.5,0,7,6 - 5,4 - 3,2 - 1,0
,1,1,3,จำนวนครั้งของการเก็บ/ส่ง  specimens ผิดพลาด,2.5,0,7,6 - 5,4 - 3,2 - 1,0
,1,1,3,จำนวนครั้งของความผิดพลาดในการส่งผู้ป่วยทำหัตถการและส่งตรวจพิเศษทางรังสี,2.5,0,7,6 - 5,4 - 3,2 - 1,0
,1,1,3,จำนวนครั้งของการเก็บ /ส่ง specimens ผิดพลาด,2.5,0,7,6 - 5,4 - 3,2 - 1,0
,1,1,3,จำนวนครั้งของความผิดพลาดของการวัดสัญญาณชีพและการ ประเมินภาวะผิดปกติเบื้องตัน,2.5,0,7,6 - 5,4 - 3,2 - 1,0
,1,1,3,จำนวนครั้งของการเช็ดตัวลดไข้ไม่ถูกต้อง หรือ ช่วยกิจกรรมผู้ป่วยที่ไม่สามารถช่วยเหลือตัวเองได้,2.5,0,7,6 - 5,4 - 3,2 - 1,0
,1,1,3,จำนวนครั้งของติดไปกับผ้า,2.5,0,7,6 - 5,4 - 3,2 - 1,0
,1,1,3,จำนวนครั้งของการเตรียมอุปกรณ์ในการทำหัตถการต่างๆ และช่วยแพทย์ทำหัตถการที่สำคัญ เช่น เจาะเข่า เจาะท้อง เจาะตับผิดพลาด,2.5,0,7,6 - 5,4 - 3,2 - 1,0
,1,1,3,จำนวนครั้งของข้อร้องเรียนเรื่องการเช็ดตัวลดไข้ที่ไม่ถูกต้อง หรือ ช่วยกิจกรรมผู้ป่วยที่ไม่สามารถช่วยเหลือตัวเองได้,2.5,0,7,6 - 5,4 - 3,2 - 1,0
,1,1,3,จำนวนครั้งของความผิดพลาดในการเตรียมผู้ป่วยในการส่งตรวจต่างๆ และ ช่วยอำนวยความสะดวกให้แก่แผนกต้อนรับในการรับส่งผู้ป่วย,2.5,0,7,6 - 5,4 - 3,2 - 1,0
,1,1,3,จำนวนครั้งของความไม่พร้อมในการเตรียมห้องพักผู้ป่วยรับใหม่,2.5,0,7,6 - 5,4 - 3,2 - 1,0
,1,1,3,จำนวนครั้งของความผิดพลาดในการนำส่งสิ่งส่งตรวจ,2.5,0,7,6 - 5,4 - 3,2 - 1,0
,1,1,3,จำนวนข้องร้องเรียน ด้านบริการและระยะเวลาการรอคอย,2.5,0,7,6 - 5,4 - 3,2 - 1,0
,2,1,3,อัตราการโทรติดตามผลการรักษาครบถ้วน,2.5,90,59,60 - 69,70 - 79,80 - 89,90
,1,1,3,จำนวนครั้งของเครื่องมือที่ต้องการใช้ ชำรุดโดยไม่มีการตรวจสอบ,2.5,0,7,6 - 5,4 - 3,2 - 1,0
,1,1,3,จำนวนข้อร้องเรียนเรื่องห้องพักหรืออุปกรณ์ในแผนกไม่พร้อมใช้,2.5,0,7,6 - 5,4 - 3,2 - 1,0
,1,1,3,จำนวนครั้งของการเตรียมอุปกรณ์ในการทำหัตถการต่างๆ  เช่น การเจาะหลัง การ Suction Secretion,2.5,0,7,6 - 5,4 - 3,2 - 1,0
,1,1,3,จำนวนครั้งของความผิดพลาดในการประเมินอาการ จำแนกความรุนแรงและรายงานแพทย์ล่าช้า,2.5,0,7,6 - 5,4 - 3,2 - 1,0
,1,1,3,จำนวนครั้งของการประเมินและจำแนกความรุนแรงของผู้ป่วยไม่ถูกต้อง,2.5,0,7,6 - 5,4 - 3,2 - 1,0
,1,1,3,จำนวนครั้งที่มีความคลาดเคลื่อนในการบริหารยา สารน้ำ เลือดและส่วนประกอบของเลือด,2.5,0,7,6 - 5,4 - 3,2 - 1,0
,1,1,3,จำนวนครั้งของการปฏิบัติการพยาบาลไม่ถูกต้อง,2.5,0,7,6 - 5,4 - 3,2 - 1,0
,1,1,3,จำนวนครั้งของการไม่รายงานแพทย์เมื่อผู้ป่วยมีอาการเปลี่ยนแปลงหรือมีภาวะผิดปกติของการตรวจต่างๆ,2.5,0,7,6 - 5,4 - 3,2 - 1,0
,1,1,3,จำนวนครั้งของการเก็บสื่งตรวจผิดพลาด,2.5,0,7,6 - 5,4 - 3,2 - 1,0
,1,1,3,จำนวนครั้งของการวัดสัญญาณชีพและประเมินภาวะผิดปกติไม่ถูกต้อง,2.5,0,7,6 - 5,4 - 3,2 - 1,0
,1,1,3,จำนวนครั้งที่ผู้ป่วยพลัดตกหกล้ม,2.5,0,7,6 - 5,4 - 3,2 - 1,0
,1,1,3,จำนวนครั้งของการจัดเตรียมอุปกรณ์ในการหัตถการผิดพลาด,2.5,0,7,6 - 5,4 - 3,2 - 1,0
,1,1,3,จำนวนครั้งของการช่วยแพทย์ทำหัตถการไม่ถูกต้อง,2.5,0,7,6 - 5,4 - 3,2 - 1,0
,1,1,3,จำนวนข้อร้องเรียนพฤติกรรมการบริการ,2.5,0,7,6 - 5,4 - 3,2 - 1,0
,1,1,3,จำนวนครั้งของเครื่องมือที่ต้องการใช้ชำรุดโดยไม่มีการตรวจสอบ,2.5,0,7,6 - 5,4 - 3,2 - 1,0
,1,1,3,จำนวนครั้งของข้อร้องเรียนเรื่องห้องพักหรืออุปกรณ์ในแผนกไม่พร้อมใช้,2.5,0,7,6 - 5,4 - 3,2 - 1,0
,1,1,3,จำนวนข้อร้องเรียนเรื่องระยะเวลาการรอคอยการจำหน่าย,2.5,0,7,6 - 5,4 - 3,2 - 1,0
,1,1,3,จำนวนครั้งในการส่งผู้ป่วยและสิ่งส่งตรวจผิดพลาด,2.5,0,7,6 - 5,4 - 3,2 - 1,0
,1,1,3,จำนวนครั้งของการจัดเตรียมอุปกรณ์ในการทำหัตถการผิดพลาด,2.5,0,7,6 - 5,4 - 3,2 - 1,0
,1,1,3,จำนวนครั้งการเตรียม Stock อุปกรณ์ของใช้ และเอกสารผู้ป่วยรับใหม่ ไม่ครบถ้วน,2.5,0,7,6 - 5,4 - 3,2 - 1,0
,1,1,3,จำนวนความไม่สอดคล้องในการเตรียมตัวผู้รับบริการก่อนการตรวจทางรังสีและคลื่นแม่เหล็กไฟฟ้าไม่ถูกต้อง,2.5,0,7,6 - 5,4 - 3,2 - 1,0
,1,1,3,จำนวนความไม่สอดคล้อง การบาดเจ็บเพิ่มขึ้น ในการบริการตรวจทางรังสี,2.5,0,7,6 - 5,4 - 3,2 - 1,0
,1,1,3,จำนวนครั้งการไม่ติดแผ่นวัดรังสี  OSL ขณะปฏิบัติงาน,2.5,0,7,6 - 5,4 - 3,2 - 1,0
,1,1,3,จำนวนครั้งเครื่องมือทางรังสีขัดข้องและไม่ได้รับการแก้ไขจากผู้ที่เกี่ยวข้อง,2.5,1,8,7 - 6,5 - 4,3 - 2,1
,1,1,3,จำนวนความไม่สอดคล้องในการ Identify ผู้รับบริการทางรังสี ตาม IPSG 1 ไม่ถูกต้อง,2.5,0,7,6 - 5,4 - 3,2 - 1,0
,1,1,3,จำนวนความไม่สอดคล้อง ในการประเมินและประเมินซ้ำในผู้ป่วยและผู้รับบริการ ก่อน หลังการตรวจวินิจฉัยทางด้านรังสีและคลื่นแม่เหล็กไฟฟ้า,2.5,0,7,6 - 5,4 - 3,2 - 1,0
,1,1,3,จำนวนความไม่สอดคล้องในการบริหารยา  บริหารสารน้ำ และการเปิดเส้นเลือดเพื่อยาทางหลอดเลือดดำไม่ถูกต้องต้องตามกระบวนการตรวจทางรังสี,2.5,0,7,6 - 5,4 - 3,2 - 1,0
,2,1,3,อัตราการประเมินผู้รับบริการที่เข้ารับตรวจ  Advance Computed Tomography และ Advance MRI ,2.5,100,69,70 - 79,80 - 89,90 - 99,100
,1,1,3,จำนวนความไม่สอดคล้อง การบาดเจ็บเพิ่มขึ้น ในการบริการตรวจด้วยคลื่นแม่เหล็กไฟฟ้า,2.5,0,7,6 - 5,4 - 3,2 - 1,0
,1,1,3,จำนวนความไม่สอดคล้องในการเตรียมตัวผู้รับบริการก่อนการตรวจทางรังสีไม่ถูกต้อง,2.5,0,7,6 - 5,4 - 3,2 - 1,0
,1,1,3,จำนวนความไม่สอดคล้องในการเตรียมตัวผู้รับบริการก่อนการด้วยคลื่นแม่เหล็กไฟฟ้าไม่ถูกต้อง,2.5,0,7,6 - 5,4 - 3,2 - 1,0
,1,1,3,จำนวนความไม่สอดคล้องในการเตรียมตัวผู้รับบริการก่อนการตรวจเอกซเรย์คอมพิวเตอร์ไม่ถูกต้อง,2.5,0,7,6 - 5,4 - 3,2 - 1,0
,2,1,3,ควบคุมการเกิด break down ของเครื่องจักรและระบบสาธารณูปโภคที่สำคัญ ของรพ. ไม่ให้เกิดผลกระทบต่อความไม่พร้อมใช้งานได้,2.5,100,69,70 - 79,80 - 89,90 - 99,100
,2,1,3,ตรวจสอบ วิเคราะห์ ติดตาม ผลการบำรุงรักษาเชิงป้องกัน PM ประจำเดือนได้อย่างถูกต้อง ครบถ้วน,2.5,100,69,70 - 79,80 - 89,90 - 99,100
,2,1,3,ตรวจสอบ วิเคราะห์งานแจ้งซ่อม กำหนดแนวทางแก้ไขและดำเนินการแก้ไขได้อย่างถูกต้อง ตามแผนงานและ SLA ที่กำหนด,2.5,95,79,80 - 84,85 - 89,90 - 94,95
,2,1,3,ตรวจสอบ ควบคุมการใช้พลังงานไฟฟ้าของรพ.ให้อยู่ในเกณฑ์ กำหนด,2.5,95,79,80 - 84,85 - 89,90 - 94,95
,2,1,3,สามารถตรวจสอบ วิเคราะห์ส่วนที่ชำรุด เสียให้ได้อย่างถูกต้อง นำเสนอการแก้ไข จัดหาอะไหล่ทดแทนได้,2.5,95,79,80 - 84,85 - 89,90 - 94,95
,2,1,3,จัดทำรายงานผลการตรวจสอบ บำรุงรักษา และตรวจสอบประจำเดือนได้  นำเสนอแนวทางแก้ไขได้,2.5,100,69,70 - 79,80 - 89,90 - 99,100
,2,1,3,ควบคุมการเบิกจ่าย คลังวัสดุอะไหล่ การส่งซ่อมแซมแก้ไข บันทึกรายการเบิกจ่ายได้อย่างถูกต้อง ,2.5,100,69,70 - 79,80 - 89,90 - 99,100
,2,1,3,ดำเนินการบำรุงรักษาเชิงแก้ไข CM ได้ตาม SLA กำหนด,2.5,95,79,80 - 84,85 - 89,90 - 94,95
,2,1,3,ดำเนินการบำรุงรักษาเชิงป้องกัน PM ได้อย่างครบถ้วนตามแผน ตามรายการ,2.5,100,69,70 - 79,80 - 89,90 - 99,100
,2,1,3,ควบคุมค่าการใช้พลังงาน ลดการใช้พลังงาน ได้ตามเป้าหมายรพ.,2.5,95,79,80 - 84,85 - 89,90 - 94,95
,2,1,3,สามารถทำงานเหล็ก เชื่อมประกอบ ได้,2.5,100,69,70 - 79,80 - 89,90 - 99,100
,2,1,3,สามารถบำรุงรักษาและซ่อมแซมปั๊มสูบน้ำได้,2.5,100,69,70 - 79,80 - 89,90 - 99,100
,2,1,3,สามารถซ่อมแซม ติดตั้งระบบท่อน้ำต่าง ๆ ได้,2.5,100,69,70 - 79,80 - 89,90 - 99,100
,2,1,3,สามารถบำรุงรักษาเครื่องจักรหลัก  ได้ตามแผน พร้อมประเมินสภาพเครื่องได้,2.5,100,69,70 - 79,80 - 89,90 - 99,100
,2,1,3,ดูแล ตรวจสอบ บำรุงรักษา บันทึกผล จัดทำรายงานการบำรุงรักษาระบบบำบัดน้ำเสียประจำเดือนได้ ,2.5,100,69,70 - 79,80 - 89,90 - 99,100
,2,1,3,ดำเนินการบันทึก จัดส่ง ทส.1 และทส.2 ได้ตามรอบที่กฏหมายกำหนด,2.5,100,69,70 - 79,80 - 89,90 - 99,100
,2,1,3,ควบคุมและเตรียมความพร้อมใช้ จัดเตรียมห้องประชุม ได้อย่างถูกต้อง ครบถ้วน มีประสิทธิภาพ,2.5,100,69,70 - 79,80 - 89,90 - 99,100
,2,1,3,ดูแล ตรวจสอบ การบำรุงรักษา บันทึกผล จัดทำรายงานการบำรุงรักษาห้องประชุมประจำเดือนได้ ,2.5,100,69,70 - 79,80 - 89,90 - 99,100
,2,1,3,ส่งงานตามกำหนดระยะเวลาส่งมอบตามSLA  ,2.5,100,69,70 - 79,80 - 89,90 - 99,100
,2,1,3,จัดทำ PR และเอกสารตรวจรับงาน จัดส่งตามกำหนดระยะเวลา ถูกต้อง,2.5,100,69,70 - 79,80 - 89,90 - 99,100
,2,1,3,บริหารจัดการคลังวัสดุถูกต้องครบถ้วน,2.5,100,69,70 - 79,80 - 89,90 - 99,100
,2,1,3,จัดทำและบันทึกเอกสารถูกต้องครบถ้วน,2.5,100,69,70 - 79,80 - 89,90 - 99,100
,2,1,3,ประสานงานหน่วยงาน ดำเนินการถูกต้องครบถ้วน ตามนโยบายของโรงพยาบาล,2.5,100,69,70 - 79,80 - 89,90 - 99,100
,1,1,8,ความรับผิดชอบต่อหน้าที่ ,2,5,1,2,3,4,5
,1,1,8,ความมุ่งเน้นงานสำเร็จ,2,5,1,2,3,4,5
,1,1,8,ความคิดริเริ่ม,2,5,1,2,3,4,5
,1,1,8,การมีส่วนร่วมและการทำงานเป็นทีม,2,5,1,2,3,4,5
,1,1,8,งานอื่น ๆ ที่รับหมอบหมาย,2,5,1,2,3,4,5
,1,1,8,การประชุมระดับสาย / ฝ่าย / แผนก / Leader,2,100,39,40 - 59,60 - 79,80 - 99,100
,1,1,8,หลักสูตรอบรมบังคับ 100 % & ประชุมผู้ถือหุ้นส่วน,2,100,39,40 - 59,60 - 79,80 - 99,100
,1,1,8,ชั่วโมงอบรม (Training Hr.),3,80,49,50 - 59,60 - 69,70 - 79,80
,1,1,8,มีส่วนร่วมในกิจกรรมพัฒนาคุณภาพ CQI,5,100,39,40 - 59,60 - 79,80 - 99,100
,1,1,8,"เข้าร่วมเป็นคณะกรรมการของโรงพยาบาลเข้าร่วมกิจกรรมต่างๆของโรงพยาบาล  2 กิจกรรมขึ้นไป
",2,2,1,0.5,1,1.5,2
,1,1,8,มาสาย (10 นาที นับเป็น 1 ครั้ง ),2,0,7,6 - 5,4 - 3,2 - 1,0
,1,1,8,ลาไม่รับค่าจ้าง,2,0,4,3,2,1,0
,1,1,8,วินัยและการลงโทษ,5,0,4,3,2,1,0