Id หลัก,Facter ID,ประเภทการคิด,กลุ่มหัวข้อ,โค้ดการประเมิน,ชื่อ KPI,น้ำหนัก,Target,คะแนน 1,คะแนน 2,คะแนน 3,คะแนน 4,คะแนน 5
,2,3,1,PPSV-202003-032,Net Revenue Growth - หน้าร้าน,10,5,1,2,3,4,5
,2,3,1,PPSV-202003-032,Net Revenue Growth - ผู้ป่วยใน,5,5,1,2,3,4,5
,2,3,1,PPSV-202003-032,%ROS,10,20,18.4,18.5-18.9,19.0-19.4,19.5-19.9,20
,2,2,3,PPSV-202003-032,Service Bahavior Satisfaction,10,90,59,60-69,70-79,80-89,90
,2,2,3,PPSV-202003-032,% ข้อร้องเรียนรสชาติอาหาร (อาหารเค็ม) ,5,0.3,0.46,0.45-0.41,0.40-0.36,0.35-0.31,0.3
,2,2,3,PPSV-202003-032,ความพึงพอใจของผู้รับบริการ ,15,90,59,60-69,70-79,80-89,90
,2,1,4,PPSV-202003-032,Number of Incidents Report : พบสิ่งแปลกปลอมในอาหาร,15,0,4,3,2,1,0
,2,2,4,PPSV-202003-032,% Success จากการสุ่มตรวจสุขาภิบาลอาหารและสุขอนามัยส่วนบุคคล,20,90,59,60-69,70-79,80-89,90
,2,3,5,PPSV-202003-032,% พนักงานในหน่วยงานได้รับการ Training ตามแผน IDP 80% / คน,10,80,49,50-59,60-69,70-79,80
,2,1,398,PPSV-202003-032,จำนวนข้อร้องเรียนเรื่องการส่งอาหารผู้ป่วยล่าช้า,0,2,,,,,
,2,2,398,PPSV-202003-032,อัตราการทบทวน Incident Report ของหน่วยงาน,0,90,,,,,
,2,1,398,PPSV-202003-032,Customer Complain,0,0,,,,,
,2,3,1,PPSV-202003-039,Revenue Growth,20,7.8,5.4,5.5-5.9,6.0-6.4,6.5-6.9,7
,2,3,1,PPSV-202003-039,%ROS,10,50,34,35-39,40-44,45-49,50
,2,3,3,PPSV-202003-039,Job Growth,20,10.3,5.9,6.0-6.9,7.0-7.9,8.0-9.9,10
,2,2,3,PPSV-202003-039,Service Bahavior Satisfaction,10,90,59,60-69,70-79,80-89,90
,2,1,4,PPSV-202003-039,IPSG 1 /ไม่ติดสติ๊กเกอร์/ติดสติ๊กเกอร์ผิดคน ,6,0,4,3,2,1,0
,2,1,4,PPSV-202003-039,จำนวนครั้งการคีย์โปรแกรมตรวจสุขภาพผิดพลาด,6,0,4,3,2,1,0
,2,2,4,PPSV-202003-039,Compliance rate of IPSG 5 policy อัตราการปฏิบัติได้ถูกต้องตามนโยบาย IPSG 5,6,100,69,70-79,80-89,90-99,100
,2,2,4,PPSV-202003-039,อัตราการมอบผลตรวจสุขภาพรักษ์ชีวิตภายใน 1 วัน,6,100,69,70-79,80-89,90-99,100
,2,2,4,PPSV-202003-039,อัตราการจัดการอุบัติการณ์ของหน่วยงานได้ภายในระยะเวลาที่กำหนด ,6,100,69,70-79,80-89,90-99,100
,2,3,5,PPSV-202003-039,% พนักงานในหน่วยงานได้รับการ Training ตามแผน IDP 80% / คน,10,80,49,50-59,60-69,70-79,80
,2,2,398,PPSV-202003-039,อัตราการมอบสมุดวัคซีนให้ผู้รับบริการ,0,100,,,,,
,2,2,398,PPSV-202003-039,%OPD Waiting Time Improvement,0, -,,,,,
,2,1,398,PPSV-202003-039,Customer Complain,0, -,,,,,
,2,2,3,PPSV-202003-023,Service Bahavior Satisfaction,10,90,59,60-69,70-79,80-89,90
,2,2,3,PPSV-202003-023,Customer Satisfaction Index,20,90,59,60-69,70-79,80-89,90
,2,1,4,PPSV-202003-023,จำนวนครั้งในการลงทะเบียนผู้ป่วยผิดคน,15,0,4,3,2,1,0
,2,2,4,PPSV-202003-023,อัตราการจัดการอุบัติการณ์ของหน่วยงานได้ภายในระยะเวลาที่กำหนด ,15,90,59,60-69,70-79,80-89,90
,2,1,4,PPSV-202003-023,จำนวนครั้งการจัดเตรียมเอกสารเบิกค่ารักษาพยาบาลผิดพลาด / ไม่ครบถ้วน,15,0.5,0.66,0.65-0.61,0.60-0.56,0.55-0.51,0.5
,2,1,4,PPSV-202003-023,จำนวนครั้งในการระบุคู่สัญญาผิดพลาด,15,0.5,0.66,0.65-0.61,0.60-0.56,0.55-0.51,0.5
,2,3,5,PPSV-202003-023,% พนักงานในหน่วยงานได้รับการ Training ตามแผน IDP 80% / คน,10,80,49,50-59,60-69,70-79,80
,2,2,1,PPSV-202003-017,%OT/salary,20,1.2,1.6,1.5,1.4,1.3,1.2
,2,2,3,PPSV-202003-017,Service Bahavior Satisfaction,10,90,59,60-69,70-79,80-89,90
,2,2,3,PPSV-202003-017,แบบประเมินความพึงพอใจการให้บริการแบบเครือข่าย,20,90,59,60-69,70-79,80-89,90
,2,1,4,PPSV-202003-017,จำนวนครั้งในการรับอุปกรณ์เครื่องมือทางการแพทย์ไม่ครบ ชำรุดเสียหาย,20,0,4,3,2,1,0
,2,1,4,PPSV-202003-017,จำนวนครั้งที่พบเครื่องมือ อุปกรณ์ทางการแพทย์ไม่สะอาด,20,0,4,3,2,1,0
,2,3,5,PPSV-202003-017,% พนักงานในหน่วยงานได้รับการ Training ตามแผน IDP 80% / คน,10,80,49,50-59,60-69,70-79,80
,2,1,398,PPSV-202003-017,จำนวนครั้งของการจัดเตรียม/ห่ออุปกรณ์เครื่องมือทางการแพทย์ไม่ครบ ไม่สามารถใช้งานได้,0,0,,,,,
,2,2,398,PPSV-202003-017,Compliance rate of IPSG 5 policy อัตราการปฏิบัติได้ถูกต้องตามนโยบาย IPSG 5,0,100,,,,,
,2,2,398,PPSV-202003-017,อัตราการตรวจสอบประสิทธิภาพการทำให้ปราศจากเชื้อผ่านเกณฑ์,0,100,,,,,
,2,1,398,PPSV-202003-017,จำนวนครั้งของการจัดเก็บและส่งมอบอุปกรณ์เครื่องมือทางการแพทย์ไม่ครบถ้วน,0,0,,,,,
,2,3,1,PPSV-202003-005,Revenue Growth,20,31,15,16-20,21-25,26-30,31
,2,3,1,PPSV-202003-005,%ROS,10,50,34,35-39,40-44,45-49,50
,2,3,3,PPSV-202003-005,Job Growth,10,26.8,10,11-15,16-20,21-25,26
,2,2,3,PPSV-202003-005,Service Bahavior Satisfaction,10,90,59,60-69,70-79,80-89,90
,2,2,3,PPSV-202003-005,Customer Satisfaction Index,10,90,59,60-69,70-79,80-89,90
,2,2,4,PPSV-202003-005,%OPD Waiting Time (Regis - Consult Start) < 10 นาที,5,40,24,25-29,30-34,35-39,40
,2,1,4,PPSV-202003-005,อุบัติการณ์ทำหัตถการผิดคน ผิดข้าง ผิดตำแหน่ง,5,0,4,3,2,1,0
,2,2,4,PPSV-202003-005,IPSG 1 /ไม่ติดสติ๊กเกอร์/ติดสติ๊กเกอร์ผิดคน ,3,100,69,70-79,80-89,90-99,100
,2,2,4,PPSV-202003-005,Compliance rate of IPSG 4 policy อัตราการปฏิบัติได้ถูกต้องตามนโยบาย IPSG 4,3,100,69,70-79,80-89,90-99,100
,2,1,4,PPSV-202003-005,จำนวนครั้งของการเกิดเครื่องมือทางการแพทย์เสียหายจากการใช้งานไม่ถูกต้องตามแนวทางปฏิบัติ,3,0,4,3,2,1,0
,2,1,4,PPSV-202003-005,Medication Error – Admin Error ,5,0,0.7,0.6-0.5,0.4-0.3,0.2-0.1,0
,2,1,4,PPSV-202003-005,จำนวนครั้งที่พบเครื่องมือ อุปกรณ์ทางการแพทย์ไม่พร้อมใช้,3,0,4,3,2,1,0
,2,1,4,PPSV-202003-005,จำนวนอุบัติการณ์การเกิดของติดไปกับผ้า,3,0,4,3,2,1,0
,2,3,5,PPSV-202003-005,% พนักงานในหน่วยงานได้รับการ Training ตามแผน IDP 80% / คน,10,80,49,50-59,60-69,70-79,80
,2,2,398,PPSV-202003-005,%COPQ to revenue,0,0.1,,,,,
,2,1,398,PPSV-202003-005,Medication Error – Transcribing Error  ,0,0.5,,,,,
,2,2,398,PPSV-202003-005,Compliance rate of IPSG 2 policy อัตราการปฏิบัติได้ถูกต้องตามนโยบาย IPSG 2,0,100,,,,,
,2,2,398,PPSV-202003-005,Compliance rate of IPSG 3 policy อัตราการปฏิบัติได้ถูกต้องตามนโยบาย IPSG 3,0,100,,,,,
,2,2,398,PPSV-202003-005,Compliance rate of IPSG 5 policy อัตราการปฏิบัติได้ถูกต้องตามนโยบาย IPSG 5,0,100,,,,,
,2,2,398,PPSV-202003-005,%OPD Waiting Time Improvement,0, -,,,,,
,2,3,1,PPSV-202003-008,Revenue Growth,20,12.7,5,6-7,8-9,10-11,12
,2,3,1,PPSV-202003-008,%ROS,10,60,44,45-49,50-54,55-59,60
,2,3,3,PPSV-202003-008,Job Growth,10,2.3,1.0,1.1-1.3,1.4-1.6,1.7-1.9,2
,2,2,3,PPSV-202003-008,Service Bahavior Satisfaction,10,90,59,60-69,70-79,80-89,90
,2,2,3,PPSV-202003-008,Customer Satisfaction Index,10,90,59,60-69,70-79,80-89,90
,2,1,4,PPSV-202003-008,Medication Error – Admin Error ,10,0,0.7,0.6-0.5,0.4-0.3,0.2-0.1,0
,2,2,4,PPSV-202003-008,Waiting time Case Level Resuscitate ได้พบแพทย์ทันที,10,100,69,70-79,80-89,90-99,100
,2,2,4,PPSV-202003-008,IPSG 1 ระบุตัวผู้ป่วยผิดพลาด,10,100,69,70-79,80-89,90-99,100
,2,3,5,PPSV-202003-008,% พนักงานในหน่วยงานได้รับการ Training ตามแผน IDP 80% / คน,10,80,49,50-59,60-69,70-79,80
,2,1,398,PPSV-202003-008,Customer Complain,0,0,,,,,
,2,1,398,PPSV-202003-008,Medication Error – Transcribing Error  ,0,0.5,,,,,
,2,2,398,PPSV-202003-008,Compliance rate of IPSG 2 policy อัตราการปฏิบัติได้ถูกต้องตามนโยบาย IPSG 2,0,100,,,,,
,2,2,398,PPSV-202003-008,Compliance rate of IPSG 5 policy อัตราการปฏิบัติได้ถูกต้องตามนโยบาย IPSG 5,0,100,,,,,
,2,2,398,PPSV-202003-008,"STEMI : DOOR TO PCI , STEPTOKINESS อัตราการปฏิบัติตาม Guide Line Code ฟ้า",0,100,,,,,
,2,2,398,PPSV-202003-008,STROKE: DOOR TO RTPA อัตราผู้ป่วยเส้นเลือดสมองได้รับการดูแลตาม Clinical Practice Guideline for Stroke Patient,0,100,,,,,
,2,2,398,PPSV-202003-008,อัตราความสมบูรณ์ของเวชระเบียน,0,95,,,,,
,2,3,1,PPSV-202003-009,Revenue Growth,20,9.4,7.4,7.5-7.9,8.0-8.4,8.5-8.9,9
,2,3,1,PPSV-202003-009,%ROS,10,60,44,45-49,50-54,55-59,60
,2,3,3,PPSV-202003-009,Job Growth,10,3.4,1.4,1.5-1.9,2.0-2.4,2.5-2.9,3
,2,2,3,PPSV-202003-009,Service Bahavior Satisfaction,10,90,59,60-69,70-79,80-89,90
,2,2,3,PPSV-202003-009,Customer Satisfaction Index,10,90,59,60-69,70-79,80-89,90
,2,2,4,PPSV-202003-009,%OPD Waiting Time (Regis - Consult Start) < 15 mins,10,80,49,50-59,60-69,70-79,80
,2,2,4,PPSV-202003-009,%Do Primary PCI on case STEMI in 90 mins,10,100,69,70-79,80-89,90-99,100
,2,2,4,PPSV-202003-009,Medication Error – Transcribing Error  ,10,0.5,0.66,0.65-0.61,0.60-0.56,0.55-0.51,0.5
,2,3,5,PPSV-202003-009,% พนักงานในหน่วยงานได้รับการ Training ตามแผน IDP 80% / คน,10,80,49,50-59,60-69,70-79,80
,2,2,398,PPSV-202003-009,"STEMI : DOOR TO PCI , STEPTOKINESS อัตราการปฏิบัติตาม Guide Line Code ฟ้า",0,100,69,70-79,80-89,90-99,100
,2,1,398,PPSV-202003-009,Compliance rate of IPSG 2 policy อัตราการปฏิบัติได้ถูกต้องตามนโยบาย IPSG 2,0, -,,,,,
,2,2,398,PPSV-202003-009,อัตราความสมบูรณ์ของเวชระเบียน,0,95,,,,,
,2,3,1,PPSV-202003-011,Revenue Growth,20,17.6,7,8-10,11-13,14-16,17
,2,3,1,PPSV-202003-011,%ROS,10,55,39,40-44,45-49,50-54,55
,2,3,3,PPSV-202003-011,Job Growth,10,26.7,16,17-19,20-22,23-25,26
,2,2,3,PPSV-202003-011,Service Bahavior Satisfaction,10,90,59,60-69,70-79,80-89,90
,2,2,3,PPSV-202003-011,Customer Satisfaction Index,10,90,59,60-69,70-79,80-89,90
,2,1,4,PPSV-202003-011,Medication Error – Admin Error ,5,0,0.7,0.6-0.5,0.4-0.3,0.2-0.1,0
,2,1,4,PPSV-202003-011,จำนวนครั้งอุปกรณ์ทางการแพทย์เลื่อนหลุด,5,0,4,3,2,1,0
,2,1,4,PPSV-202003-011,จำนวนครั้งการเกิด Phlebitis ระดับ  3 ขึ้นไป,3,1,5,4,3,2,1
,2,1,4,PPSV-202003-011,จำนวนครั้งการเกิด   bed  sore   เกรด 2  ขึ้นไป,2,2,6,5,4,3,2
,2,1,4,PPSV-202003-011,จำนวนครั้งที่เกิดการย้ายออกจาก ICU  ไม่เหมาะสม  (ภายใน 8 ชม),5,0,4,3,2,1,0
,2,2,4,PPSV-202003-011,IPSG 1 /ไม่ติดสติ๊กเกอร์/ติดสติ๊กเกอร์ผิดคน ,5,100,69,70-79,80-89,90-99,100
,2,1,4,PPSV-202003-011,Un expected death,5,0,4,3,2,1,0
,2,3,5,PPSV-202003-011,% พนักงานในหน่วยงานได้รับการ Training ตามแผน IDP 80% / คน,10,80,49,50-59,60-69,70-79,80
,2,1,398,PPSV-202003-011,IPSG2 /  จำนวนการสื่อสาร ที่ผิดพลาดจนกระทบการดูแลรักษา (IR LEVEL C up ),0, -,,,,,
,2,2,398,PPSV-202003-011,"STEMI : DOOR TO PCI , STEPTOKINESS อัตราการปฏิบัติตาม Guide Line Code ฟ้า",0,100,,,,,
,2,1,398,PPSV-202003-011,Medication Error – Transcribing Error ,0,25,,,,,
,2,2,398,PPSV-202003-011,Discharge Waiting Time - Self-pay  < 60 min. ,0,80,,,,,
,2,2,398,PPSV-202003-011,Discharge Waiting Time - Insurance  < 120 min. ,0,80,,,,,
,2,2,398,PPSV-202003-011,Compliance rate of IPSG 2 policy อัตราการปฏิบัติได้ถูกต้องตามนโยบาย IPSG 2,0,100,,,,,
,2,2,398,PPSV-202003-011,Compliance rate of IPSG 5 policy อัตราการปฏิบัติได้ถูกต้องตามนโยบาย IPSG 5,0,100,,,,,
,2,2,398,PPSV-202003-011,Compliance rate of IPSG 6 policy อัตราการปฏิบัติได้ถูกต้องตามนโยบาย IPSG 6,0,100,,,,,
,2,1,398,PPSV-202003-011,ความคลาดเคลื่อนในการให้บริการโลหิต,0,0,,,,,
,2,2,398,PPSV-202003-011,อัตราความสมบูรณ์ของเวชระเบียน,0,95,,,,,
,2,2,398,PPSV-202003-011,อัตราการจัดการอุบัติการณ์ของหน่วยงานได้ภายในระยะเวลาที่กำหนด ,0,90,,,,,
,2,1,398,PPSV-202003-011,Customer Complain,0,0,,,,,
,2,3,1,PPSV-202003-020,LAB MARGIN,20,75,59,60-64,65-69,70-74,75
,2,3,1,PPSV-202003-020,%ROS,20,60,44,45-49,50-54,55-59,60
,2,2,3,PPSV-202003-020,Service Bahavior Satisfaction,10,90,59,60-69,70-79,80-89,90
,2,1,4,PPSV-202003-020,จำนวนครั้งที่มีความผิดพลาดของการรายงานผลการตรวจทางห้องปฏิบัติการ ,20,0,4,3,2,1,0
,2,2,4,PPSV-202003-020,อัตราระยะเวลารอคอยผล LAB OPD (Routine) ภายใน 1 ชั่วโมง,20,90,59,60-69,70-79,80-89,90
,2,3,5,PPSV-202003-020,% พนักงานในหน่วยงานได้รับการ Training ตามแผน IDP 80% / คน,10,80,49,50-59,60-69,70-79,80
,2,2,398,PPSV-202003-020,อัตราการรายงานผลวิกฤตภายใน 5 นาที ,0,100,,,,,
,2,1,398,PPSV-202003-020,จำนวนครั้งที่ไม่ติดสติ๊กเกอร์ หรือติดสติ๊กเกอร์ผิดคน ,0,0,,,,,
,2,2,398,PPSV-202003-020,อัตราการควบคุมคุณภาพภายในอยู่ในเกณฑ์เป้าหมาย ,0,100,,,,,
,2,2,398,PPSV-202003-020,Compliance rate of IPSG 5 policy อัตราการปฏิบัติได้ถูกต้องตามนโยบาย IPSG 5,0,100,,,,,
,2,1,398,PPSV-202003-020,ความคลาดเคลื่อนในการให้บริการโลหิต,0,0,,,,,
,2,3,1,PPSV-202003-002,Revenue Growth,20,6.9,4.9,5.0-5.4,5.5-5.9,6.0-6.4,6.5
,2,3,1,PPSV-202003-002,%ROS,10,50,34,35-39,40-44,45-49,50
,2,3,3,PPSV-202003-002,Job Growth,10,3.9,2.5,2.6-2.8,2.9-3.1,3.2-3.4,3.5
,2,2,3,PPSV-202003-002,Service Bahavior Satisfaction,10,90,59,60-69,70-79,80-89,90
,2,2,3,PPSV-202003-002,Customer Satisfaction Index,10,90,59,60-69,70-79,80-89,90
,2,2,4,PPSV-202003-002,%OPD Waiting Time (Regis - Consult Start) < 15 mins,8,80,49,50-59,60-69,70-79,80
,2,2,4,PPSV-202003-002,Medication Error – Transcribing Error  ,8,0.5,0.66,0.65-0.61,0.60-0.56,0.55-0.51,0.5
,2,2,4,PPSV-202003-002,IPSG 1 /ไม่ติดสติ๊กเกอร์/ติดสติ๊กเกอร์ผิดคน ,7,100,69,70-79,80-89,90-99,100
,2,2,4,PPSV-202003-002,Compliance rate of IPSG 6 policy อัตราการปฏิบัติได้ถูกต้องตามนโยบาย IPSG 6,7,100,69,70-79,80-89,90-99,100
,2,3,5,PPSV-202003-002,% พนักงานในหน่วยงานได้รับการ Training ตามแผน IDP 80% / คน,10,80,49,50-59,60-69,70-79,80
,2,1,398,PPSV-202003-002,IPSG2 /  จำนวนการสื่อสาร ที่ผิดพลาดจนกระทบการดูแลรักษา (IR LEVEL C up ),0, -,,,,,
,2,2,398,PPSV-202003-002,Compliance rate of IPSG 6 policy อัตราการปฏิบัติได้ถูกต้องตามนโยบาย IPSG 6,0,100,,,,,
,2,2,398,PPSV-202003-002,Compliance rate of IPSG 5 policy อัตราการปฏิบัติได้ถูกต้องตามนโยบาย IPSG 5 ,0,100,,,,,
,2,2,398,PPSV-202003-002,"STEMI : DOOR TO PCI , STEPTOKINESS อัตราการปฏิบัติตาม Guide Line Code ฟ้า",0,100,,,,,
,2,2,398,PPSV-202003-002,อัตราความสมบูรณ์ของเวชระเบียน,0,95,,,,,
,2,1,398,PPSV-202003-002,Customer Complain,0, -,,,,,
,2,2,1,PPSV-202003-034,% Medical Equipment Management Cost,20,0.8,1.5,1.4-1.3,1.2-1.1,1.0-0.9,0.8
,2,2,3,PPSV-202003-034,Service Bahavior Satisfaction,10,90,59,60-69,70-79,80-89,90
,2,2,4,PPSV-202003-034,% Success - Med Equipment Corrective maintenance of SLA,15,98,59,60-69,70-79,80-89,90
,2,2,4,PPSV-202003-034,% Success – Med Equipment Preventive maintenance,15,100,69,70-79,80-89,90-99,100
,2,2,4,PPSV-202003-034,% Success – Med Equipment Calibration,15,100,69,70-79,80-89,90-99,100
,2,2,4,PPSV-202003-034,% Success – Service Sub Contract Maintenance and Calibration,15,100,69,70-79,80-89,90-99,100
,2,3,5,PPSV-202003-034,% พนักงานในหน่วยงานได้รับการ Training ตามแผน IDP 80% / คน,10,80,49,50-59,60-69,70-79,80
,2,2,398,PPSV-202003-034,อัตราการจัดการอุบัติการณ์ของหน่วยงานได้ภายในระยะเวลาที่กำหนด ,0,90,,,,,
,2,2,398,PPSV-202003-034,Overall Medical Equipment Effectiveness,0,98,,,,,
,2,2,1,PPSV-202003-024,%OT/Salary ,20,15,19,18,17,16,15
,2,2,3,PPSV-202003-024,Service Bahavior Satisfaction,10,90,59,60-69,70-79,80-89,90
,2,1,4,PPSV-202003-024,จำนวนเวชระเบียนสูญหาย,10,0,4,3,2,1,0
,2,1,4,PPSV-202003-024,จำนวนครั้งของการจัดเก็บเอกสาร / ผลตรวจ ในเวชระเบียนผิดคน,10,0,4,3,2,1,0
,2,2,4,PPSV-202003-024,% การให้รหัสโรค รหัสหัตถการผู้ป่วยใน ถูกต้อง ,10,96,59,60-69,70-79,80-89,90
,2,2,4,PPSV-202003-024,% การให้รหัสโรค รหัสหัตถการผู้ป่วยนอก ถูกต้อง ,10,96,59,60-69,70-79,80-89,90
,2,2,4,PPSV-202003-024,อัตราการจัดเตรียมเอกสารทางการแพทย์ได้ตรงตามระยะเวลาที่กำหนดภายใน 3 วัน (งานถ่ายประวัติ),10,100,69,70-79,80-89,90-99,100
,2,2,4,PPSV-202003-024,%ที่สามารถติดตามให้แพทย์สรุป Discharge Summary ได้ไม่เกิน 14 วันหลังผู้ป่วยจำหน่าย,10,100,69,70-79,80-89,90-99,100
,2,3,5,PPSV-202003-024,% พนักงานในหน่วยงานได้รับการ Training ตามแผน IDP 80% / คน,10,80,49,50-59,60-69,70-79,80
,2,2,398,PPSV-202003-024,IPSG 1 /ไม่ติดสติ๊กเกอร์/ติดสติ๊กเกอร์ผิดคน ,0,100,,,,,
,2,2,1,PPSV-202003-022,%OT/Salary,20,2.5,2.9,2.8,2.7,2.6,2.5
,2,2,3,PPSV-202003-022,Service Bahavior Satisfaction,10,90,59,60-69,70-79,80-89,90
,2,2,4,PPSV-202003-022,อัตราผู้ป่วยมีภาวะเสี่ยงด้านโภชนาการได้รับการประเมินภาวะโภชนาการเชิงลึกจากนักกำหนดอาหาร/นักโภชนาการ,12,100,69,70-79,80-89,90-99,100
,2,1,4,PPSV-202003-022,จำนวนครั้งที่ผู้ป่วยได้รับอาหารเฉพาะโรคไม่ถูกต้อง,12,0,4,3,2,1,0
,2,2,4,PPSV-202003-022,อัตราผู้ป่วยที่ได้รับการ Re-assessment ภาวะโภชนาการเชิงลึก,12,95,79,80-84,85-89,90-94,95
,2,2,4,PPSV-202003-022,อัตราผู้ป่วยที่ On tube feeding ได้รับการประเมินภาวะโภชนาการเชิงลึก,12,95,79,80-84,85-89,90-94,95
,2,2,4,PPSV-202003-022,Compliance rate of IPSG 5 policy อัตราการปฏิบัติได้ถูกต้องตามนโยบาย IPSG 5,12,100,69,70-79,80-89,90-99,100
,2,3,5,PPSV-202003-022,% พนักงานในหน่วยงานได้รับการ Training ตามแผน IDP 80% / คน,10,80,49,50-59,60-69,70-79,80
,2,1,398,PPSV-202003-022,แผนกห้องอาหารผ่านการรับรองมาตรฐาน GMP,0,5,1,2,3,4,5
,2,1,398,PPSV-202003-022,จำนวนผลงาน CQI/นวัตกรรม ด้านการพัฒนาคุณภาพการให้โภชนบำบัด และการบริการอาหารผู้ป่วย,0,2,,,,,
,2,2,398,PPSV-202003-022,Compliance rate of IPSG 1 policy อัตราการปฏิบัติได้ถูกต้องตามนโยบาย IPSG 1,0,100,,,,,
,2,3,1,PPSV-202003-006,Revenue Growth,20,14.7,12.9,13.0-13.4,13.5-13.9,14.0-14.4,14.5
,2,3,1,PPSV-202003-006,%ROS,10,50,34,35-39,40-44,45-49,50
,2,3,3,PPSV-202003-006,Job Growth,10,8.9,6.9,7.0-7.4,7.5-7.9,8.0-8.4,8.5
,2,2,3,PPSV-202003-006,Service Bahavior Satisfaction,10,90,59,60-69,70-79,80-89,90
,2,2,3,PPSV-202003-006,Customer Satisfaction Index,10,90,59,60-69,70-79,80-89,90
,2,2,4,PPSV-202003-006,OPD Waiting Time < 30 min (walk-in),10,80,49,50-59,60-69,70-79,80
,2,2,4,PPSV-202003-006,IPSG 1 /ไม่ติดสติ๊กเกอร์/ติดสติ๊กเกอร์ผิดคน ,10,100,69,70-79,80-89,90-99,100
,2,1,4,PPSV-202003-006,IPSG2 /  จำนวนการสื่อสาร ที่ผิดพลาดจนกระทบการดูแลรักษา (IR LEVEL C up ),10,0,4,3,2,1,0
,2,3,5,PPSV-202003-006,% พนักงานในหน่วยงานได้รับการ Training ตามแผน IDP 80% / คน,10,80,49,50-59,60-69,70-79,80
,2,2,398,PPSV-202003-006,อัตราการปฏิบัติการตามแนวทางครรภ์คุณภาพ,0,100,,,,,
,2,2,398,PPSV-202003-006,Compliance rate of IPSG 5 policy อัตราการปฏิบัติได้ถูกต้องตามนโยบาย IPSG 5 ,0,100,,,,,
,2,2,398,PPSV-202003-006,อัตราความสมบูรณ์ของเวชระเบียน,0,95,,,,,
,2,2,398,PPSV-202003-006,%OPD Waiting Time Improvement,0, -,,,,,
,2,3,1,PPSV-202003-016,Revenue Growth,20,10.8,8.9,9.0-9.4,9.5-9.9,10.0-10.4,10.5
,2,3,1,PPSV-202003-016,%ROS,10,60,44,45-49,50-54,55-59,60
,2,3,3,PPSV-202003-016,Job Growth,20,8.4,6.4,6.5-6.9,7.0-7.4,7.5-7.9,8
,2,2,3,PPSV-202003-016,Service Bahavior Satisfaction,10,90,59,60-69,70-79,80-89,90
,2,1,4,PPSV-202003-016,จำนวนครั้งของการไม่สามารถเปิดผ่าตัด Emergency Case ได้ตามเวลา,9,0,4,3,2,1,0
,2,1,4,PPSV-202003-016,จำนวนผู้ป่วยที่เกิดแผลติดเชื้อหลังผ่าตัดภายในโรงพยาบาล(SSI),7,0,4,3,2,1,0
,2,2,4,PPSV-202003-016,IPSG 1 /ไม่ติดสติ๊กเกอร์/ติดสติ๊กเกอร์ผิดคน ,7,100,69,70-79,80-89,90-99,100
,2,1,4,PPSV-202003-016,จำนวนวันของยาและเวชภัณฑ์คงคลังในห้องผ่าตัด(Inventory day),7,20,24,23,22,21,20
,2,3,5,PPSV-202003-016,% พนักงานในหน่วยงานได้รับการ Training ตามแผน IDP 80% / คน,10,80,49,50-59,60-69,70-79,80
,2,1,398,PPSV-202003-016,จำนวนครั้งที่เตรียมเครื่องมือไม่พร้อมใช้ในการผ่าตัด/ชำรุด,0,0,,,,,
,2,1,398,PPSV-202003-016,Medication Error – Admin Error ,0,0,,,,,
,2,2,398,PPSV-202003-016,Compliance rate of IPSG 3 policy อัตราการปฏิบัติได้ถูกต้องตามนโยบาย IPSG 3,0,100,,,,,
,2,1,398,PPSV-202003-016,จำนวนครั้งที่เกิดอุบัติการของติดไปกับผ้าส่งซัก,0,0,,,,,
,2,2,398,PPSV-202003-016,Compliance rate of IPSG 5 policy อัตราการปฏิบัติได้ถูกต้องตามนโยบาย IPSG 5,0,100,,,,,
,2,2,398,PPSV-202003-016,Compliance rate of IPSG 6 policy อัตราการปฏิบัติได้ถูกต้องตามนโยบาย IPSG 6,0,100,,,,,
,2,3,1,PPSV-202003-004,Revenue Growth,20,11.3,4,5-6,7-8,9-10,11
,2,3,1,PPSV-202003-004,%ROS,10,50,34,35-39,40-44,45-49,50
,2,3,3,PPSV-202003-004,Job Growth,10,8.5,6.9,7.0-7.4,7.5-7.9,8.0-8.4,8.5
,2,2,3,PPSV-202003-004,Service Bahavior Satisfaction,10,90,59,60-69,70-79,80-89,90
,2,2,3,PPSV-202003-004,Customer Satisfaction Index,10,90,59,60-69,70-79,80-89,90
,2,2,4,PPSV-202003-004,%OPD Waiting Time (Regis - Consult Start) < 15 mins,8,80,49,50-59,60-69,70-79,80
,2,1,4,PPSV-202003-004,Medication Error – Admin Error ,8,0,0.7,0.6-0.5,0.4-0.3,0.2-0.1,0
,2,1,4,PPSV-202003-004,จำนวนครั้งของอุบัติการณ์ของผู้ป่วยเด็กชักจากไข้สูงขณะรอตรวจ,7,0,4,3,2,1,0
,2,2,4,PPSV-202003-004,IPSG 1 /ไม่ติดสติ๊กเกอร์/ติดสติ๊กเกอร์ผิดคน ,7,100,69,70-79,80-89,90-99,100
,2,3,5,PPSV-202003-004,% พนักงานในหน่วยงานได้รับการ Training ตามแผน IDP 80% / คน,10,80,49,50-59,60-69,70-79,80
,2,2,398,PPSV-202003-004,%COPQ to revenue,0,0.1,,,,,
,2,1,398,PPSV-202003-004,Medication Error – Transcribing Error  ,0,0.5,,,,,
,2,2,398,PPSV-202003-004,Compliance rate of IPSG 5 policy อัตราการปฏิบัติได้ถูกต้องตามนโยบาย IPSG 5 ,0,100,,,,,
,2,2,398,PPSV-202003-004,อัตราความสมบูรณ์ของเวชระเบียน,0,95,,,,,
,2,2,398,PPSV-202003-004,%OPD Waiting Time Improvement,0, -,,,,,
,2,1,398,PPSV-202003-004,Compliance rate of IPSG 1 policy อัตราการปฏิบัติได้ถูกต้องตามนโยบาย IPSG 1,0, -,,,,,
,2,1,398,PPSV-202003-004,Compliance rate of IPSG 2 policy อัตราการปฏิบัติได้ถูกต้องตามนโยบาย IPSG 2,0, -,,,,,
,2,3,1,PPSV-202003-018,% Revenue Medicine / Total Revenue,10,27,25.4,25.5-25.9,26.0-26.4,26.5-26.9,27
,2,3,1,PPSV-202003-018,% Revenue Medical Supply / Total Revenue,10,10,8.4,8.5-8.9,9.0-9.4,9.5-9.9,10
,2,3,1,PPSV-202003-018,%ROS,10,65,49,50-54,55-59,60-64,65
,2,2,3,PPSV-202003-018,Service Bahavior Satisfaction,10,90,59,60-69,70-79,80-89,90
,2,2,3,PPSV-202003-018,Customer Satisfaction Index,20,90,59,60-69,70-79,80-89,90
,2,2,4,PPSV-202003-018,ความคลาดเคลื่อนจากการจ่ายยาผู้ป่วยนอก,7,0.5,0.66,0.65-0.61,0.60-0.56,0.55-0.51,0.5
,2,2,4,PPSV-202003-018,ความคลาดเคลื่อนจากการจ่ายยาผู้ป่วยใน,7,0.5,0.66,0.65-0.61,0.60-0.56,0.55-0.51,0.5
,2,2,4,PPSV-202003-018,Waiting Time for Medication < 10 min,9,80,49,50-59,60-69,70-79,80
,2,1,4,PPSV-202003-018,แพ้ยาซ้ำ,7,0,4,3,2,1,0
,2,3,5,PPSV-202003-018,% พนักงานในหน่วยงานได้รับการ Training ตามแผน IDP 80% / คน,10,80,49,50-59,60-69,70-79,80
,2,2,398,PPSV-202003-018,IPSG 1 /ไม่ติดสติ๊กเกอร์/ติดสติ๊กเกอร์ผิดคน ,0,100,,,,,
,2,2,398,PPSV-202003-018,อัตราการจัดการอุบัติการณ์ของหน่วยงานได้ภายในระยะเวลาที่กำหนด ,0,90,,,,,
,2,1,398,PPSV-202003-018,Customer complain(ระยะเวลารอคอยรับยา),0,5,,,,,
,2,2,398,PPSV-202003-018,Compliance rate of IPSG 5 policy อัตราการปฏิบัติได้ถูกต้องตามนโยบาย IPSG 5,0,100,,,,,
,2,2,398,PPSV-202003-018,อัตราการปฏิบัติได้ถูกต้องตามนโยบาย IPSG 3,0,100,,,,,
,2,2,398,PPSV-202003-018,%OPD Waiting Time Improvement,0, -,,,,,
,2,3,1,PPSV-202003-021,Revenue Growth,20,18.7,16.9,17.0-17.4,17.5-17.9,18.0-18.4,18.5
,2,3,1,PPSV-202003-021,%ROS,10,30,26.9,27.0-27.9,28.0-28.9,29.0-29.9,30
,2,3,3,PPSV-202003-021,Job Growth,10,18.2,16.4,16.5-16.9,17.0-17.4,17.5-17.9,18
,2,2,3,PPSV-202003-021,Service Bahavior Satisfaction,10,90,59,60-69,70-79,80-89,90
,2,2,3,PPSV-202003-021,Customer Satisfaction Index,10,90,59,60-69,70-79,80-89,90
,2,1,4,PPSV-202003-021,จำนวนการเคลื่อน เลื่อนหลุดของอุปกรณ์ทางการแพทย์ จากการได้รับการฟื้นฟูสมรรถภาพ,15,0,4,3,2,1,0
,2,1,4,PPSV-202003-021,IPSG6/จำนวนการเกิดอุบัติการณ์ การพลัดตก หกล้มขณะรับการฟื้นฟูสมรรถภาพและภาวะแทรกซ้อน จากการฟื้นฟูสมรรถภาพ  ,15,0,4,3,2,1,0
,2,3,5,PPSV-202003-021,% พนักงานในหน่วยงานได้รับการ Training ตามแผน IDP 80% / คน,10,80,49,50-59,60-69,70-79,80
,2,2,398,PPSV-202003-021,อัตราผู้ป่วย stroke ที่มาตามนัดตามเกณฑ์ที่กำหนดมีความสามารถในการเคลื่อนไหวดีขึ้น 1ลำดับ ประเมินโดยใช้  barthel index  และ SNMRC Functional Assessment,0,80,,,,,
,2,2,398,PPSV-202003-021,อัตราของผู้ป่วยเด็กได้รับการนัดหมาย และลงเวลา นัดหมายในตารางนัดหมาย,0,95,,,,,
,2,1,398,PPSV-202003-021,Compliance rate of IPSG 2 policy อัตราการปฏิบัติได้ถูกต้องตามนโยบาย IPSG 2,0, -,,,,,
,2,2,398,PPSV-202003-021,Compliance rate of IPSG 1 policy อัตราการปฏิบัติได้ถูกต้องตามนโยบาย IPSG 1,0,100,,,,,
,2,2,398,PPSV-202003-021,Compliance rate of IPSG 2 policy อัตราการปฏิบัติได้ถูกต้องตามนโยบาย IPSG 2,0,100,,,,,
,2,3,1,PPSV-202003-031,Revenue Growth - Revenue from refer in (Total),15,10,8.4,8.5-8.9,9.0-9.4,9.5-9.9,10
,2,3,1,PPSV-202003-031,Revenue Growth- Revenue from retained case from refer out  ,15,10,8.4,8.5-8.9,9.0-9.4,9.5-9.9,10
,2,2,3,PPSV-202003-031,Number of case Refer in,10,9,5,6,7,8,9
,2,2,3,PPSV-202003-031,Number of Retained case from refer out   (%Growth),15,16,14.4,14.5-14.9,15.0-15.4,15.5-15.9,16
,2,2,3,PPSV-202003-031,Service Bahavior Satisfaction,10,90,59,60-69,70-79,80-89,90
,2,2,3,PPSV-202003-031,อัตราความพึงพอใจของผู้นำส่ง(Referral agent)ต่องานให้บริการรับ-ส่งต่อผู้ป่วย,5,95,79,80-84,85-89,90-94,95
,2,2,4,PPSV-202003-031,ระยะเวลารอคอยรถพยาบาลออกรับผู้ป่วยกรณีไม่ฉุกเฉิน(ต่างอำเภอ-ต่างจังหวัด)ได้ภายใน 30นาที,10,100,69,70-79,80-89,90-99,100
,2,1,4,PPSV-202003-031,จำนวนอุบัติการณ์ความผิดพลาดในการประสานงานรับrefer in,10,0,4,3,2,1,0
,2,3,5,PPSV-202003-031,% พนักงานในหน่วยงานได้รับการ Training ตามแผน IDP 80% / คน,10,80,49,50-59,60-69,70-79,80
,2,3,1,PPSV-202003-003,Revenue Growth,20,5.7,3.9,4.0-4.4,4.5-4.9,5.0-5.4,5.5
,2,3,1,PPSV-202003-003,%ROS,10,50,34,35-39,40-44,45-49,50
,2,3,3,PPSV-202003-003,Job Growth,10,3.8,2.7,2.6-2.8,2.9-3.1,3.2-3.4,3.5
,2,2,3,PPSV-202003-003,Service Bahavior Satisfaction,10,90,59,60-69,70-79,80-89,90
,2,2,3,PPSV-202003-003,Customer Satisfaction Index,10,90,59,60-69,70-79,80-89,90
,2,2,4,PPSV-202003-003,%OPD Waiting Time (Regis - Consult Start) < 15 mins,10,80,49,50-59,60-69,70-79,80
,2,2,4,PPSV-202003-003,Medication Error – Transcribing Error  ,10,0.5,0.66,0.65-0.61,0.60-0.56,0.55-0.51,0.5
,2,1,4,PPSV-202003-003,IPSG2 /  จำนวนการสื่อสาร ที่ผิดพลาดจนกระทบการดูแลรักษา (IR LEVEL C up ),10,0,4,3,2,1,0
,2,3,5,PPSV-202003-003,% พนักงานในหน่วยงานได้รับการ Training ตามแผน IDP 80% / คน,10,80,49,50-59,60-69,70-79,80
,2,2,398,PPSV-202003-003,Compliance rate of IPSG 6 policy อัตราการปฏิบัติได้ถูกต้องตามนโยบาย IPSG 6,0,100,,,,,
,2,2,398,PPSV-202003-003,Compliance rate of IPSG 5 policy อัตราการปฏิบัติได้ถูกต้องตามนโยบาย IPSG 5,0,100,,,,,
,2,2,398,PPSV-202003-003,%OPD Waiting Time Improvement,0, -,,,,,
,2,2,3,PPSV-202003-025,Service Bahavior Satisfaction,10,90,59,60-69,70-79,80-89,90
,2,2,3,PPSV-202003-025,Customer Satisfaction Index,20,90,59,60-69,70-79,80-89,90
,2,2,4,PPSV-202003-025,เปอร์เซ็นต์การตรวจเยี่ยมแฟ้มผู้ป่วยสิทธิเบิกทุกสิทธิ,20,98,59,60-69,70-79,80-89,90
,2,2,4,PPSV-202003-025,เปอร์เซ็นต์ concurrent review ร่วมกับบริษัทประกัน,20,100,69,70-79,80-89,90-99,100
,2,1,4,PPSV-202003-025,จำนวนครั้งในการปฎิเสธ จากกรมบัญชีกลางเนื่องจากข้อบ่งชี้เคสเบิกจ่ายตรงกรมบัญชีกลาง Elective surgery ไม่ถูกต้อง,20,0,4,3,2,1,0
,2,3,5,PPSV-202003-025,% พนักงานในหน่วยงานได้รับการ Training ตามแผน IDP 80% / คน,10,80,49,50-59,60-69,70-79,80
,2,2,398,PPSV-202003-025,เปอร์เซ็นการทำ retrospective review (สุ่มจากผู้ป่วยกลับบ้าน),0,98,,,,,
,2,2,398,PPSV-202003-025,อัตราการจัดการอุบัติการณ์ของหน่วยงานได้ภายในระยะเวลาที่กำหนด ,0,100,,,,,
,2,2,398,PPSV-202003-025,"เปอร์เซ็นต์การคีย์ข้อมูลเข้าระบบเว็บมาตรา 7 (ตามที่ได้รับเอกสารจากแผนก ADC ,ER ,การเงิน)",0,100,,,,,
,2,3,1,PPSV-202003-012,IPD Revenue Growth,20,15.3,13.4,13.5-13.9,14.0-14.4,14.5-14.9,15
,2,3,1,PPSV-202003-012,%ROS,10,55,53.9,54.0-54.4,54.5-54.9,55.0-55.4,55
,2,3,3,PPSV-202003-012,Job Growth,10,9.6,7.9,8.0-8.4,8.5-8.9,9.0-9.4,9.5
,2,2,3,PPSV-202003-012,Service Bahavior Satisfaction,10,90,59,60-69,70-79,80-89,90
,2,2,3,PPSV-202003-012,Customer Satisfaction Index,10,90,59,60-69,70-79,80-89,90
,2,1,4,PPSV-202003-012,Medication Error – Admin Error ,3,0,0.7,0.6-0.5,0.4-0.3,0.2-0.1,0
,2,3,4,PPSV-202003-012,Medication Error – Transcribing Error  ,3,25,26.6,26.5-26.1,26.0-25.6,25.5-25.1,25
,2,2,4,PPSV-202003-012,อัตราการได้รับนมแม่ขณะอยู่ในโรงพยาบาล,5,90,59,60-69,70-79,80-89,90
,2,1,4,PPSV-202003-012,จำนวนครั้งการเกิดเหตุการณ์ Unplan ICU  ,5,0,4,3,2,1,0
,2,2,4,PPSV-202003-012,IPSG 1 /ไม่ติดสติ๊กเกอร์/ติดสติ๊กเกอร์ผิดคน ,3,100,69,70-79,80-89,90-99,100
,2,1,4,PPSV-202003-012,จำนวนครั้งของการเลื่อนการผ่าตัดหรือหัตถการจากการเตรียมผู้ป่วยไม่พร้อม ,5,0,4,3,2,1,0
,2,2,4,PPSV-202003-012,Discharge Waiting Time - Self-pay  < 60 min. ,3,80,49,50-59,60-69,70-79,80
,2,2,4,PPSV-202003-012,Discharge Waiting Time - Insurance  < 120 min. ,3,80,49,50-59,60-69,70-79,80
,2,3,5,PPSV-202003-012,% พนักงานในหน่วยงานได้รับการ Training ตามแผน IDP 80% / คน,10,80,49,50-59,60-69,70-79,80
,2,3,1,PPSV-202003-013,IPD Revenue Growth,20,15.3,13.4,13.5-13.9,14.0-14.4,14.5-14.9,15
,2,3,1,PPSV-202003-013,%ROS,10,55,53.9,54.0-54.4,54.5-54.9,55.0-55.4,55
,2,3,3,PPSV-202003-013,Job Growth,10,9.6,7.9,8.0-8.4,8.5-8.9,9.0-9.4,9.5
,2,2,3,PPSV-202003-013,Service Bahavior Satisfaction,10,90,59,60-69,70-79,80-89,90
,2,2,3,PPSV-202003-013,Customer Satisfaction Index,10,90,59,60-69,70-79,80-89,90
,2,2,4,PPSV-202003-013,IPSG 1 /ไม่ติดสติ๊กเกอร์/ติดสติ๊กเกอร์ผิดคน ,5,100,69,70-79,80-89,90-99,100
,2,1,4,PPSV-202003-013,Medication Error – Admin Error ,3,0,0.7,0.6-0.5,0.4-0.3,0.2-0.1,0
,2,3,4,PPSV-202003-013,Medication Error – Transcribing Error  ,3,25,26.6,26.5-26.1,26.0-25.6,25.5-25.1,25
,2,1,4,PPSV-202003-013,Unplanned ICU Case,3,0,4,3,2,1,0
,2,2,4,PPSV-202003-013,Discharge Waiting Time - Self-pay  < 60 min. ,3,80,49,50-59,60-69,70-79,80
,2,2,4,PPSV-202003-013,Discharge Waiting Time - Insurance  < 120 min. ,3,80,49,50-59,60-69,70-79,80
,2,1,4,PPSV-202003-013,จำนวนครั้งที่อุกรณ์ทางการแพทย์เคลื่อนเลื่อนหลุด,5,0,4,3,2,1,0
,2,1,4,PPSV-202003-013,จำนวนครั้งของการเลื่อนการผ่าตัดจากการเตรียมผู้ป่วยไม่พร้อม,5,0,4,3,2,1,0
,2,3,5,PPSV-202003-013,% พนักงานในหน่วยงานได้รับการ Training ตามแผน IDP 80% / คน,10,80,49,50-59,60-69,70-79,80
,2,2,398,PPSV-202003-013,Compliance rate of IPSG 2 policy อัตราการปฏิบัติได้ถูกต้องตามนโยบาย IPSG 2,0,100,,,,,
,2,2,398,PPSV-202003-013,Compliance rate of IPSG 3 policy อัตราการปฏิบัติได้ถูกต้องตามนโยบาย IPSG 3,0,100,,,,,
,2,2,398,PPSV-202003-013,Compliance rate of IPSG 5 policy อัตราการปฏิบัติได้ถูกต้องตามนโยบาย IPSG 5,0,100,,,,,
,2,2,398,PPSV-202003-013,Compliance rate of IPSG 6 policy อัตราการปฏิบัติได้ถูกต้องตามนโยบาย IPSG 6,0,100,,,,,
,2,2,398,PPSV-202003-013,อัตราความสมบูรณ์ของเวชระเบียน,0,95,,,,,
,2,3,1,PPSV-202003-014,IPD Revenue Growth,20,15.3,13.4,13.5-13.9,14.0-14.4,14.5-14.9,15
,2,3,1,PPSV-202003-014,%ROS,10,55,53.9,54.0-54.4,54.5-54.9,55.0-55.4,55
,2,3,3,PPSV-202003-014,Job Growth,10,9.6,7.9,8.0-8.4,8.5-8.9,9.0-9.4,9.5
,2,2,3,PPSV-202003-014,Service Bahavior Satisfaction,10,90,59,60-69,70-79,80-89,90
,2,2,3,PPSV-202003-014,Customer Satisfaction Index,10,90,59,60-69,70-79,80-89,90
,2,2,4,PPSV-202003-014,IPSG 1 /ไม่ติดสติ๊กเกอร์/ติดสติ๊กเกอร์ผิดคน ,3,100,69,70-79,80-89,90-99,100
,2,1,4,PPSV-202003-014,Medication Error – Transcribing Error  ,3,0,0.7,0.6-0.5,0.4-0.3,0.2-0.1,0
,2,3,4,PPSV-202003-014,Medication Error – Admin Error ,3,25,26.6,26.5-26.1,26.0-25.6,25.5-25.1,25
,2,1,4,PPSV-202003-014,จำนวนครั้งการเกิดเหตุการณ์ Unplan ICU  ,4,0,4,3,2,1,0
,2,1,4,PPSV-202003-014,จำนวนครั้งของการเกิดPhlebitis ระดับ3,4,0,4,3,2,1,0
,2,1,4,PPSV-202003-014,จำนวนครั้งของการเกิดพลัดตกหกล้ม(โดยเจ้าหน้าที่ไม่ได้ปฏิบัติตามแนวทางที่กำหนด ),4,0,4,3,2,1,0
,2,1,4,PPSV-202003-014,จำนวนครั้งการเกิดBedsore ระดับ2ขึ้นไปจากหน่วยงาน,3,0,4,3,2,1,0
,2,2,4,PPSV-202003-014,Discharge Waiting Time - Self-pay  < 60 min. ,3,80,49,50-59,60-69,70-79,80
,2,2,4,PPSV-202003-014,Discharge Waiting Time - Insurance  < 120 min. ,3,80,49,50-59,60-69,70-79,80
,2,3,5,PPSV-202003-014,% พนักงานในหน่วยงานได้รับการ Training ตามแผน IDP 80% / คน,10,80,49,50-59,60-69,70-79,80
,2,2,398,PPSV-202003-014,Compliance rate of IPSG 2 policy อัตราการปฏิบัติได้ถูกต้องตามนโยบาย IPSG 2,0,100,,,,,
,2,2,398,PPSV-202003-014,Compliance rate of IPSG 3 policy อัตราการปฏิบัติได้ถูกต้องตามนโยบาย IPSG 3,0,100,,,,,
,2,2,398,PPSV-202003-014,Compliance rate of IPSG 5 policy อัตราการปฏิบัติได้ถูกต้องตามนโยบาย IPSG 5,0,100,,,,,
,2,2,398,PPSV-202003-014,Compliance rate of IPSG 6 policy อัตราการปฏิบัติได้ถูกต้องตามนโยบาย IPSG 6,0,100,,,,,
,2,2,398,PPSV-202003-014,"STEMI : DOOR TO PCI , STEPTOKINESS อัตราการปฏิบัติตาม Guide Line Code ฟ้า",0,100,,,,,
,2,1,398,PPSV-202003-014,ความคลาดเคลื่อนในการให้บริการโลหิต,0,0,,,,,
,2,2,398,PPSV-202003-014,อัตราความสมบูรณ์ของเวชระเบียน,0,95,,,,,
,2,3,1,PPSV-202003-015,IPD Revenue Growth,20,15.3,13.4,13.5-13.9,14.0-14.4,14.5-14.9,15
,2,3,1,PPSV-202003-015,%ROS,10,55,53.9,54.0-54.4,54.5-54.9,55.0-55.4,55
,2,3,3,PPSV-202003-015,Job Growth,10,9.6,7.9,8.0-8.4,8.5-8.9,9.0-9.4,9.5
,2,2,3,PPSV-202003-015,Service Bahavior Satisfaction,10,90,59,60-69,70-79,80-89,90
,2,2,3,PPSV-202003-015,Customer Satisfaction Index,10,90,59,60-69,70-79,80-89,90
,2,2,4,PPSV-202003-015,IPSG 1 /ไม่ติดสติ๊กเกอร์/ติดสติ๊กเกอร์ผิดคน ,15,100,69,70-79,80-89,90-99,100
,2,1,4,PPSV-202003-015,Medication Error – Admin Error ,15,0,0.7,0.6-0.5,0.4-0.3,0.2-0.1,0
,2,3,5,PPSV-202003-015,% พนักงานในหน่วยงานได้รับการ Training ตามแผน IDP 80% / คน,10,80,49,50-59,60-69,70-79,80
,2,2,398,PPSV-202003-015,Compliance rate of IPSG 6 policy อัตราการปฏิบัติได้ถูกต้องตามนโยบาย IPSG 6,0,100,,,,,
,2,1,398,PPSV-202003-015,จำนวนผู้ป่วยชักจากไข้สูง (38),0,0,,,,,
,2,2,398,PPSV-202003-015,Compliance rate of IPSG 1 policy อัตราการปฏิบัติได้ถูกต้องตามนโยบาย IPSG 1,0,95,,,,,
,2,2,398,PPSV-202003-015,Discharge Waiting Time - Self-pay  < 60 min. ,0,80,,,,,
,2,2,398,PPSV-202003-015,Discharge Waiting Time - Insurance  < 120 min. ,0,80,,,,,
,2,2,398,PPSV-202003-015,อัตราความสมบูรณ์ของเวชระเบียน,0,95,,,,,
,2,1,398,PPSV-202003-015,จำนวนอุบัติการณ์การเกิดของติดไปกับผ้า,0,0,,,,,
,2,3,1,PPSV-202003-019,Revenue Growth,20,10,8.4,8.5-8.9,9.0-9.4,9.5-9.9,10
,2,3,1,PPSV-202003-019,%ROS,10,85,49,50-59,60-69,70-79,80
,2,3,3,PPSV-202003-019,Job Growth,20,10,8.4,8.5-8.9,9.0-9.4,9.5-9.9,10
,2,2,3,PPSV-202003-019,Service Bahavior Satisfaction,10,90,59,60-69,70-79,80-89,90
,2,1,4,PPSV-202003-019,จำนวนครั้งของการตรวจทางรังสีผิดพลาดผิดคำสั่งแพทย์,6,0,4,3,2,1,0
,2,1,4,PPSV-202003-019,จำนวนครั้งของการIdentifyผู้ป่วยผิดคน,6,0,4,3,2,1,0
,2,2,4,PPSV-202003-019,IPSG 1 /ไม่ติดสติ๊กเกอร์/ติดสติ๊กเกอร์ผิดคน ,6,100,69,70-79,80-89,90-99,100
,2,1,4,PPSV-202003-019,จำนวนผู้รับบริการหญิงตั้งครรภ์ไม่ได้รับการซักประวัติก่อนได้รับการตรวจทางรังสี,6,0,4,3,2,1,0
,2,2,4,PPSV-202003-019,อัตราระยะเวลาการบริการเอกซเรย์ธรรมดาน้อยกว่า 15 นาที,6,80,49,50-59,60-69,70-79,80
,2,3,5,PPSV-202003-019,% พนักงานในหน่วยงานได้รับการ Training ตามแผน IDP 80% / คน,10,80,49,50-59,60-69,70-79,80
,2,1,398,PPSV-202003-019,Customer Complain,0, -,,,,,
,2,2,398,PPSV-202003-019,Compliance rate of IPSG 2 policy อัตราการปฏิบัติได้ถูกต้องตามนโยบาย IPSG 2,0,100,,,,,
,2,2,398,PPSV-202003-019,Compliance rate of IPSG 5 policy อัตราการปฏิบัติได้ถูกต้องตามนโยบาย IPSG 5,0,100,,,,,
,2,2,3,PPSV-202003-026,Service Bahavior Satisfaction,10,90,59,60-69,70-79,80-89,90
,2,1,4,PPSV-202003-026,การลงทะเบียนรับ Admit ผู้ป่วยไม่ถูกต้อง,16,0,4,3,2,1,0
,2,1,4,PPSV-202003-026,การตรวจสอบสิทธิการเบิกค่ารักษาพยาบาลผิด,16,0,4,3,2,1,0
,2,1,4,PPSV-202003-026,Customer Complain,16,0,4,3,2,1,0
,2,1,4,PPSV-202003-026,การเตรียมเอกสาร wไม่ครบถ้วนไม่ถูกต้อง ,16,0,4,3,2,1,0
,2,1,4,PPSV-202003-026,การแจ้งค่าใช้จ่ายผ่าตัด/หัตถการผิด,16,0,4,3,2,1,0
,2,3,5,PPSV-202003-026,% พนักงานในหน่วยงานได้รับการ Training ตามแผน IDP 80% / คน,10,80,49,50-59,60-69,70-79,80
,2,3,1,PPSV-202003-010,Revenue Growth,20,49.6,29,30.0-34.0,35.0-39.0,40.0-44.0,45
,2,3,1,PPSV-202003-010,%ROS,10,60,44,45-49,50-54,55-59,60
,2,3,3,PPSV-202003-010,Job Growth,10,47.6,29,30.0-34.0,35.0-39.0,40.0-44.0,45
,2,2,3,PPSV-202003-010,Service Bahavior Satisfaction,10,90,59,60-69,70-79,80-89,90
,2,2,3,PPSV-202003-010,Customer Satisfaction Index,10,90,59,60-69,70-79,80-89,90
,2,2,4,PPSV-202003-010,%OPD Waiting Time (Regis - Consult Start) < 15 mins,5,80,49,50-59,60-69,70-79,80
,2,1,4,PPSV-202003-010,อุบัติการณ์การส่องกล้องผิดคน ผิดตำแหน่ง,4,0,4,3,2,1,0
,2,1,4,PPSV-202003-010,จำนวนอุบัติการณ์การเกิดของติดไปกับผ้า,4,0,4,3,2,1,0
,2,1,4,PPSV-202003-010,จำนวนครั้งของการเกิด IR ส่ง Specimen ผิดพลาด,4,0,4,3,2,1,0
,2,1,4,PPSV-202003-010,จำนวนครั้งของการเกิดเครื่องมือทางการแพทย์เสียหายจากการใช้งานไม่ถูกต้องตามแนวทางปฏิบัติ,4,0,4,3,2,1,0
,2,1,4,PPSV-202003-010,จำนวนครั้งที่พบเครื่องมือ อุปกรณ์ทางการแพทย์ไม่พร้อมใช้,4,0,4,3,2,1,0
,2,1,4,PPSV-202003-010,Medication Error – Admin Error ,5,0,0.7,0.6-0.5,0.4-0.3,0.2-0.1,0
,2,3,5,PPSV-202003-010,% พนักงานในหน่วยงานได้รับการ Training ตามแผน IDP 80% / คน,10,80,49,50-59,60-69,70-79,80
,2,2,398,PPSV-202003-010,IPSG 1 /ไม่ติดสติ๊กเกอร์/ติดสติ๊กเกอร์ผิดคน ,0,100,,,,,
,2,2,398,PPSV-202003-010,Compliance rate of IPSG 4 policy อัตราการปฏิบัติได้ถูกต้องตามนโยบาย IPSG 4,0,100,,,,,
,2,2,398,PPSV-202003-010,Compliance rate of IPSG 5 policy อัตราการปฏิบัติได้ถูกต้องตามนโยบาย IPSG 5,0,100,,,,,
,2,2,398,PPSV-202003-010,Compliance rate of IPSG 6 policy อัตราการปฏิบัติได้ถูกต้องตามนโยบาย IPSG 6,0,100,,,,,
,2,2,398,PPSV-202003-010,"STEMI : DOOR TO PCI , STEPTOKINESS อัตราการปฏิบัติตาม Guide Line Code ฟ้า",0,100,,,,,
,2,3,1,PPSV-202003-007,Revenue Growth,20,2,1.84,1.85-1.89,1.90-1.94,1.95-1.99,2.0
,2,3,1,PPSV-202003-007,%ROS,10,50,34,35-39,40-44,45-49,50
,2,3,3,PPSV-202003-007,Job Growth,10,2,1.84,1.85-1.89,1.90-1.94,1.95-1.99,2.0
,2,2,3,PPSV-202003-007,Service Bahavior Satisfaction,10,90,59,60-69,70-79,80-89,90
,2,2,3,PPSV-202003-007,Customer Satisfaction Index,10,90,59,60-69,70-79,80-89,90
,2,2,4,PPSV-202003-007,"ร้อยละของผู้ป่วยที่มีการส่งตรวจ Routine Lab ได้แก่ CBC ,BUN,Creatinine ,Electrolytes,Calcium,phosphate,Albumin เมื่อแรกเข้าและอย่างน้อยทุก 3 เดือน",6,80,49,50-59,60-69,70-79,80
,2,2,4,PPSV-202003-007,ร้อยละของผู้ป่วยผู้ใหญ่ที่ได้รับการฟอกเลือดเป็นประจำผ่านทาง temporary venous catheter นานกว่า 90 วัน,6,20,30,29-27,26-24,23-21,20
,2,1,4,PPSV-202003-007,จำนวนครั้งที่ส่งน้ำ RO ตรวจ Endotoxin และเกิดการติดเชื้อ,6,0,4,3,2,1,0
,2,2,4,PPSV-202003-007,อัตราการติดเชื้อของ Vascular Access ทั้งชนิดชั่วคราวและชนิดถาวร,6,5,9,8,7,6,5
,2,2,4,PPSV-202003-007,Medication Error – Admin Error ,6,0.5,0.66,0.65-0.61,0.60-0.56,0.55-0.51,0.5
,2,3,5,PPSV-202003-007,% พนักงานในหน่วยงานได้รับการ Training ตามแผน IDP 80% / คน,10,80,49,50-59,60-69,70-79,80
,2,1,398,PPSV-202003-007,อัตราการช่วยฟื้นคืนชีพ (CPR),0,5,,,,,
,2,2,398,PPSV-202003-007,อัตราการจัดการอุบัติการณ์ของหน่วยงานได้ภายในระยะเวลาที่กำหนด ,0,90,,,,,
,2,2,1,PPSV-202003-027,%OT/Saraly,20,10,20,19-17,16-14,13-11,10
,2,2,3,PPSV-202003-027,% ผู้รับบริการที่โทรเข้ามาปรึกษาปัญหาสุขภาพ แล้วมาใช้บริการ,20,60,44,45-49,50-54,55-59,60
,2,2,3,PPSV-202003-027,Service Bahavior Satisfaction,10,90,59,60-69,70-79,80-89,90
,2,1,4,PPSV-202003-027,จำนวนข้อร้องเรียนเรื่องการให้ข้อมูลผิดพลาด,6,0,4,3,2,1,0
,2,1,4,PPSV-202003-027,จำนวนครั้งการนัดหมายผิดพลาดของ Call Center ,6,0,4,3,2,1,0
,2,2,4,PPSV-202003-027,Service requests ได้รับการปิดจบ,7,95,79,80-84,85-89,90-94,95
,2,2,4,PPSV-202003-027,อัตราการโทร ติดตามผลการรักษาคนไข้รายใหม่,7,91,59,60-69,70-79,80-89,90
,2,1,4,PPSV-202003-027,จำนวนครั้งโอนสาย ภายนอก-ในผิดพลาด,7,2,6,5,4,3,2
,2,2,4,PPSV-202003-027,การประกาศ Code ฉุกเฉินถูกต้อง รวดเร็ว  ครบถ้วน,7,100,69,70-79,80-89,90-99,100
,2,3,5,PPSV-202003-027,% พนักงานในหน่วยงานได้รับการ Training ตามแผน IDP 80% / คน,10,80,49,50-59,60-69,70-79,80
,2,2,1,PPSV-202003-028,%OT/Salary,20,10,20,19-17,16-14,13-11,10
,2,2,3,PPSV-202003-028,Service Bahavior Satisfaction,10,90,59,60-69,70-79,80-89,90
,2,2,3,PPSV-202003-028,Customer Satisfaction Index,20,90,59,60-69,70-79,80-89,90
,2,1,4,PPSV-202003-028,จำนวนครั้งในการเกิดอุบัติการณ์ในการเคลื่อนย้าย,8,0,4,3,2,1,0
,2,1,4,PPSV-202003-028,จำนวนข้อร้องเรียน IR เรื่องการให้บริการเคลื่อนย้ายล่าช้ากรณีประกาศ code ฉุกเฉิน,8,0,4,3,2,1,0
,2,2,4,PPSV-202003-028,Compliance rate of IPSG 6 policy อัตราการปฏิบัติได้ถูกต้องตามนโยบาย IPSG 6,8,100,69,70-79,80-89,90-99,100
,2,1,4,PPSV-202003-028,จำนวนข้อร้องเรียน IR การส่งยาผิด ward,8,0,4,3,2,1,0
,2,2,4,PPSV-202003-028,Compliance rate of IPSG 5 policy อัตราการปฏิบัติได้ถูกต้องตามนโยบาย IPSG 5,8,100,69,70-79,80-89,90-99,100
,2,3,5,PPSV-202003-028,% พนักงานในหน่วยงานได้รับการ Training ตามแผน IDP 80% / คน,10,80,49,50-59,60-69,70-79,80
,2,3,1,PPSV-202003-029,Revenue Growth - รายได้จาก รพ./คลินิก,8,4,2.4,2.5-2.9,3.0-3.4,3.5-3.9,4
,2,3,1,PPSV-202003-029,Revenue Growth - รายได้จากตัวแทนคู่สัญญาเพิ่มขึ้น,8,4,2.4,2.5-2.9,3.0-3.4,3.5-3.9,4
,2,3,1,PPSV-202003-029,Revenue Growth - รายได้จากกลุ่มลูกค้าต่างประเทศเพิ่มขึ้น,8,4,2.4,2.5-2.9,3.0-3.4,3.5-3.9,4
,2,3,1,PPSV-202003-029,Revenue Growth - รายได้จากผู้รับบริการตรวจสุขภาพบริษัทเพิ่มขึ้น,8,4,2.4,2.5-2.9,3.0-3.4,3.5-3.9,4
,2,1,1,PPSV-202003-029,งบประมาณทางการตลาดเป็นไปตามเป้าหมาย,8,100,69,70-79,80-89,90-99,100
,2,2,3,PPSV-202003-029,Service Bahavior Satisfaction,10,90,59,60-69,70-79,80-89,90
,2,2,4,PPSV-202003-029,อัตราโครงการการตลาดผ่านตามเป้าหมาย,12,90,59,60-69,70-79,80-89,90
,2,2,4,PPSV-202003-029,อัตราสื่อประชาสัมพันธ์ที่ผลิตทันต่อเวลา,13,90,59,60-69,70-79,80-89,90
,2,2,4,PPSV-202003-029,อัตราการจัดโครงการตามแผน,15,100,69,70-79,80-89,90-99,100
,2,3,5,PPSV-202003-029,% พนักงานในหน่วยงานได้รับการ Training ตามแผน IDP 80% / คน,10,80,49,50-59,60-69,70-79,80
,2,2,398,PPSV-202003-029,อัตราการจัดการอุบัติการณ์ของหน่วยงานได้ภายในระยะเวลาที่กำหนด ,0,90,,,,,
,2,1,1,PPSV-202003-035,ค่าใช้จ่ายวัสดุสิ้นเปลืองต่อ Adjust Patient day,20,0.8,1.16,1.15-1.11,1.1-1.06,1.05-1.01,1.0
,2,2,3,PPSV-202003-035,ความพึงพอใจ  ; แม่บ้าน,10,90,59,60-69,70-79,80-89,90
,2,2,3,PPSV-202003-035,ความพึงพอใจ  ; รปภ,10,90,59,60-69,70-79,80-89,90
,2,2,3,PPSV-202003-035,ความพึงพอใจ  ; ห้องผ้า,10,90,59,60-69,70-79,80-89,90
,2,2,3,PPSV-202003-035,Service Bahavior Satisfaction,10,90,59,60-69,70-79,80-89,90
,2,1,4,PPSV-202003-035,จำนวนครั้งข้อร้องเรียนเรื่องผ้าไม่สะอาดหรือผ้าชำรุด,15,0,4,3,2,1,0
,2,2,4,PPSV-202003-035,% Success of Cleaning Time - Patent Room,15,90,59,60-69,70-79,80-89,90
,2,3,5,PPSV-202003-035,% พนักงานในหน่วยงานได้รับการ Training ตามแผน IDP 80% / คน,10,80,49,50-59,60-69,70-79,80
,2,1,398,PPSV-202003-035,Customer Complain,0,0,,,,,
,2,2,398,PPSV-202003-035,อัตราการจัดการอุบัติการณ์ของหน่วยงานได้ภายในระยะเวลาที่กำหนด ,0,90,,,,,
,2,1,398,PPSV-202003-035,จำนวน IR ข้อผิดพลาดในการปฏิบัติงานของ รปภ.,0,,,,,,
,2,2,1,PPSV-202003-033,Cost Energy to Total Revenue,20,1.5,1.66,1.65-1.61,1.60-1.56,1.55-1.51,1.5
,2,2,3,PPSV-202003-033,Service Bahavior Satisfaction,10,90,59,60-69,70-79,80-89,90
,2,2,4,PPSV-202003-033,%Success : การควบคุม ทดสอบคุณภาพน้ำ และแผนรองรับฉุกเฉิน ได้ตามรอบ,15,100,69,70-79,80-89,90-99,100
,2,1,4,PPSV-202003-033,Number of Utility Breakdown,15,3,7,6,5,4,3
,2,2,4,PPSV-202003-033,%Success : Coractive Maintenance of SLA,15,95,79,80-84,85-89,90-94,95
,2,2,4,PPSV-202003-033,%Success : Preventive Maintenance ,15,100,69,70-79,80-89,90-99,100
,2,3,5,PPSV-202003-033,% พนักงานในหน่วยงานได้รับการ Training ตามแผน IDP 80% / คน,10,80,49,50-59,60-69,70-79,80
,2,1,398,PPSV-202003-033,Customer Complain,, -,,,,,
,2,2,1,PPSV-202003-036,ค่าใช้จ่ายในการซ่อมแซมรถ / Total Revenue,20,0.1,0.03,0.04-0.05,0.06-0.07,0.08-0.09,0.1
,2,2,3,PPSV-202003-036,Service Bahavior Satisfaction,10,90,59,60-69,70-79,80-89,90
,2,2,4,PPSV-202003-036,อัตราเวลาการออกรถ EMS ในการรับเรื่องศูนย์สื่อสารฯ,15,100,69,70-79,80-89,90-99,100
,2,2,4,PPSV-202003-036,อัตราจำนวนครั้งและระยะเวลาที่ไม่สามารถออกรถได้ตามใบขอใช้,15,100,69,70-79,80-89,90-99,100
,2,1,4,PPSV-202003-036,จำนวนครั้งของการเกิดเหตุรถเสียระหว่างรับ-ส่งผู้ป่วย,15,0,4,3,2,1,0
,2,2,4,PPSV-202003-036,อัตราการบำรุงรักษาตามแผนที่กำหนด,15,100,69,70-79,80-89,90-99,100
,2,3,5,PPSV-202003-036,% พนักงานในหน่วยงานได้รับการ Training ตามแผน IDP 80% / คน,10,80,49,50-59,60-69,70-79,80
,2,2,1,PPSV-202003-037,%ในการเรียกร้องสินไหมทางInternet Claim,20,95,79,80-84,85-89,90-94,95
,2,2,3,PPSV-202003-037,Service Bahavior Satisfaction,10,95,79,80-84,85-89,90-94,95
,2,1,4,PPSV-202003-037,จำนวนรายที่เกิดความผิดพลาดในการคิดค่าใช้จ่ายและคำนวณสิทธิเบิก,15,0.2,0.36,0.35-0.31,0.30-0.26,0.25-0.21,0.2
,2,1,4,PPSV-202003-037,จำนวนครั้งที่มีการส่งรายได้ประจำวันไม่ถูกต้อง,15,6,10,9,8,7,6
,2,2,4,PPSV-202003-037,%ในการรอชำระเงินกรณีไม่มี Fax claim ไม่เกิน 20 นาที (ผู้ป่วยใน),15,95,79,80-84,85-89,90-94,95
,2,2,4,PPSV-202003-037,% Deposit ,15,60,44,45-49,50-54,55-59,60
,2,3,5,PPSV-202003-037,% พนักงานในหน่วยงานได้รับการ Training ตามแผน IDP 80% / คน,10,80,49,50-59,60-69,70-79,80
,2,2,398,PPSV-202003-037,%OPD Waiting Time Improvement,0, -,,,,,
,2,3,1,PPSV-202003-038,%COPQ to revenue,20,0.1,,,,,
,2,2,3,PPSV-202003-038,Service Bahavior Satisfaction,10,90,59,60-69,70-79,80-89,90
,2,2,4,PPSV-202003-038,อัตราการทบทวน Case (Trigger) ตามแนวทางที่กำหนด ,15,100,69,70-79,80-89,90-99,100
,2,2,4,PPSV-202003-038,อัตราการเกิดอุบัติเหตุของมีคมทิ่มตำหรือสารคัดหลั่งกระเด็นเข้าร่างกาย,15,0,0.16,0.15-0.11,0.10-0.06,0.05-0.01,0
,2,2,4,PPSV-202003-038,"อัตราเอกสารที่อยู่ในการควบคุมตามระบบคุณภาพได้รับการทบทวนตามรอบที่กำหนด ตามรอบ 3 ปี/วันบังคับใช้เป็นปี 2560/ 2561/ 2562 (ยกเว้นประเภท SD-E, FM)",15,90,59,60-69,70-79,80-89,90
,2,1,4,PPSV-202003-038,จำนวนการบาดเจ็บจากการทำงานของเจ้าหน้าที่ ด้านความปลอดภัย (หยุดงานเกิน 3 วัน),15,0,4,3,2,1,0
,2,3,5,PPSV-202003-038,% พนักงานในหน่วยงานได้รับการ Training ตามแผน IDP 80% / คน,10,80,49,50-59,60-69,70-79,80
,2,1,1,PPSV-202003-030,ค่าใช้จ่ายที่เกิดจากข้อผิดพลาดการประสานงาน ของสำนักเลขา ,15,0,0.16,0.15-0.11,0.10-0.06,0.05-0.01,0
,2,2,3,PPSV-202003-030,ผลการประเมินความพึงพอใจในการทำงานของ เลขาผ่านระบบ QR CODE (ประเมินทุก 3 เดือน),20,80,49,50-59,60-69,70-79,80
,2,2,4,PPSV-202003-030,การบันทึกและจัดทำรายงานการประชุม ภายในระยะเวลาที่กำหนด ,8,80,49,50-59,60-69,70-79,80
,2,2,4,PPSV-202003-030,การจัดส่งวาระประชุมและ สรุปประชุม ก่อนการประชุม ให้กับผู้ที่เกี่ยวข้อง,8,80,49,50-59,60-69,70-79,80
,2,2,4,PPSV-202003-030, ต่ออายุ ตามกฏหมายสถานพยาบาล (ทะเบียนต้องได้รับการ Update),8,100,69,70-79,80-89,90-99,100
,2,2,4,PPSV-202003-030,สัญญาได้รับการต่ออายุ ก่อนหมดอายุ ,8,100,69,70-79,80-89,90-99,100
,2,2,4,PPSV-202003-030,พบ ข้อมูล เรื่อง การ Verify ข้อมูลของแพทย์ (ก่อนการเข้าปฏิบัติงาน) ,8,100,69,70-79,80-89,90-99,100
,2,1,4,PPSV-202003-030,สัญญาที่จัดเก็บใน Doccept ไม่ Update,8,0,4,3,2,1,0
,2,2,4,PPSV-202003-030,การสุ่มตรวจ เอกสารในแฟ้มประวัติแพทย์มีการ  Update เอกสาร ตามที่มาตรฐานกำหนด ของแพทย์ แต่ละ สาขา,7,80,49,50-59,60-69,70-79,80
,2,3,5,PPSV-202003-030,% พนักงานในหน่วยงานได้รับการ Training ตามแผน IDP 80% / คน,10,80,49,50-59,60-69,70-79,80
,2,2,398,PPSV-202003-030,อัตราการทบทวน Incident Report ของหน่วยงาน,0,,,,,,
,2,1,398,PPSV-202003-030,อัตราการเกิด IR ระดับ 3,0,,,,,,
,2,2,398,PPSV-202003-030,Service Bahavior Satisfaction,0,90,59,60-69,70-79,80-89,90
